UID,total_pop,pop_4-0,pop_9-5,pop_14-10,pop_19-15,pop_24-20,pop_29-25,pop_34-30,pop_39-35,pop_44-40,pop_49-45,pop_54-50,pop_59-55,pop_64-60,pop_69-65,pop_74-70,pop_79-75,pop_84-80,pop_+85
3000,936425,116731,103618,93117,88676,82568,71915,59361,51784,44726,39906,34786,32747,29911,26812,22330,13874,11594,11970
70,225939,21352,20376,18129,16962,16176,13641,13095,12832,13050,12929,11603,11402,10884,10092,9131,5309,5199,3776
9000,209687,17990,16209,14202,13136,14913,15069,15024,13587,11897,11273,10642,11247,11625,10706,8507,4784,4914,3960
6100,204639,34701,28025,22306,21449,17450,15001,12924,10609,7302,6161,5201,4803,4808,4714,3820,1897,1598,1874
4000,285316,20466,19564,17167,15925,18577,19073,19524,18166,17158,16410,14746,14607,15379,16224,15825,8613,8769,9123
7400,221353,19015,18354,15826,13733,13130,13225,13600,14495,14326,12839,10684,10748,11342,12089,11200,6198,5432,5118
7900,247956,22078,22437,19254,16595,13634,13270,14953,16920,17860,16481,12588,11068,10925,12368,11348,5974,5332,4871
8300,254384,18617,17403,15817,16432,16324,16712,16564,16175,16780,16435,14194,13892,14627,15209,12957,6210,5232,4803
5000,460613,34568,27938,22805,19498,22841,41328,52411,44389,34388,28436,21605,20123,20037,20727,18578,10579,9662,10700
7100,144073,13402,12011,9952,8721,9159,9314,10174,9882,8467,7823,7363,7599,7861,7186,6016,3283,3275,2585
2610,124957,21729,19423,16016,11757,8957,8884,7765,6733,5610,4556,3547,2829,2237,1749,1300,766,610,490
6200,129013,8390,7955,6905,6361,6633,7027,8554,9270,8633,8305,7120,7232,7640,8476,7887,4429,4437,3760
6600,196282,15343,15220,13637,12110,11271,10847,12404,14432,14162,12700,10107,9695,9804,10566,9430,5529,4892,4135
6900,101432,8106,8716,7309,6263,5110,4695,5397,7132,7925,6747,4929,4649,5062,6200,5682,2766,2255,2485
8400,143904,14247,14067,11251,8672,7753,8113,9374,10581,10310,8559,6425,5857,6302,6997,6562,3335,2837,2663
8600,163480,12137,10399,9130,8089,8903,11760,14173,13531,11664,10455,8618,7988,7772,7946,7091,4506,4180,5138
2600,52299,3872,3889,3454,3371,4092,4147,4091,3764,3707,3611,3322,2937,2560,2130,1570,847,603,333
3780,59270,11839,10703,9240,6034,4644,3394,3247,2996,2571,1783,1048,709,422,264,192,96,46,40
6300,60644,5015,4285,3513,2831,2658,4119,5703,5545,4759,4212,3012,2491,2524,2499,2508,1541,1511,1917
9700,63175,5177,5626,5319,4460,3829,2987,3230,4099,4933,4794,3744,3163,3027,3066,2582,1296,904,938
6400,97470,6993,7041,6330,5586,5463,5524,6260,7102,6992,6538,5038,4585,5083,5889,5465,3012,2370,2197
6500,97335,8526,7770,6739,6214,6101,6185,6618,6841,6254,5747,5093,4993,5200,5051,4134,2143,2002,1726
7000,77223,8437,7775,6315,5960,5371,5333,5119,4547,4255,4062,3603,3376,3339,3107,2608,1403,1438,1173
1200,93277,6706,9396,10702,9340,6653,3970,3791,5265,7236,8374,6209,4407,3514,2871,2150,1186,933,574
3797,76374,16436,15382,11826,7353,4794,4322,4755,4100,3342,1784,806,511,266,243,214,123,66,49
9100,58096,4267,4163,3995,3877,3385,3423,3578,3341,3853,3836,3513,3249,3353,3370,2959,1489,1339,1107
7200,50351,3911,4872,4978,3873,2840,2097,2346,3363,4412,4116,2728,2135,2109,2305,1958,877,697,733
7700,54250,5733,4433,3696,3423,3760,4271,3788,3331,3036,2718,2491,2743,2986,2831,2115,1057,1026,812
6800,59030,4899,4566,3976,3651,3635,3951,4061,3942,3527,3432,3114,3247,3329,3307,2823,1394,1219,954
2630,57105,6704,5420,4256,3803,4148,4480,4083,3524,2775,2537,2517,2802,2952,2418,1915,965,975,830
2640,61801,7410,5815,4274,3800,4153,4269,5081,4915,4038,3216,3327,3420,2937,2160,1138,755,599,493
8500,76246,7481,7002,5834,5289,5331,5526,5191,5275,4836,4115,3709,3692,3646,3325,2343,1416,1190,1043
8700,75421,5312,5634,5942,5443,5124,3887,3647,4040,4719,5164,4391,3913,4086,4575,4234,2199,1535,1579
31,30662,4180,3260,2450,2122,2431,2637,2390,1792,1409,1369,1306,1359,1192,972,716,416,398,264
2400,36813,3361,2928,2584,2599,2600,2589,2513,2667,2264,2101,1882,1983,1926,1791,1229,713,547,537
1309,48763,7272,8064,8141,6457,3382,2133,2286,3275,3095,1701,1019,694,426,372,226,121,63,38
3570,20540,1584,1484,1289,1050,2665,2020,1403,1214,1110,1038,1032,1133,1062,807,714,324,383,229
2530,27768,3939,3551,2120,1807,1531,1355,2357,2816,2156,1458,938,838,878,906,594,241,145,138
681,26578,2577,2708,2568,1968,1716,1781,1439,1788,1820,1698,1251,969,960,1029,955,512,446,392
2550,28313,2068,2818,3087,2978,1902,1324,1209,1599,2313,2264,1610,1074,975,896,752,485,446,513
166,23869,1653,2080,2554,2389,2055,1433,1053,1186,1775,1972,1700,1303,943,690,525,257,162,138
229,20398,1899,2089,1756,1481,1078,799,987,1369,1575,1548,1038,850,890,990,814,480,430,326
2200,34500,2987,2742,2533,2726,2622,2530,2274,2133,1976,2019,1988,1800,1760,1525,1203,688,592,402
9300,23206,1695,2041,2268,2153,1776,1131,984,1173,1451,1669,1574,1366,1201,990,745,382,348,257
6700,44779,4816,3777,3301,3301,3227,3560,2744,2389,2342,2245,2218,2322,2447,2188,1583,894,790,635
2100,23112,2236,1778,1397,1260,1367,1565,1878,1832,1467,1199,1108,1250,1392,1237,863,489,424,372
2660,47585,5465,5009,3522,2793,2709,2887,3518,3886,3286,2598,1973,2115,2386,2404,1588,618,410,416
9400,29928,2326,2376,2287,2163,1959,1564,1649,1710,2077,2083,1769,1513,1593,1766,1380,723,508,482
240,23796,2039,2092,2050,2029,1636,1259,1331,1572,1658,1871,1500,1142,1025,946,732,387,322,206
168,24778,2275,2421,2384,1887,1502,1443,1530,1757,2035,1799,1298,1108,1031,984,695,306,167,155
1139,46252,3149,3261,3205,3154,3129,2747,2761,2769,2868,2769,2423,2597,2881,2908,2460,1112,1171,888
1015,24052,1837,1810,1824,1697,1723,1548,1456,1471,1376,1348,1370,1339,1387,1357,1154,670,406,277
874,25675,2241,2087,1997,2170,1753,1680,1561,1491,1453,1417,1309,1354,1430,1270,1077,479,522,384
3616,38155,3462,3457,3468,3225,3425,2527,2204,2120,2151,2231,2172,1999,1906,1398,1020,550,492,346
1063,21836,1637,1746,1621,1514,1630,1458,1332,1193,1335,1347,1286,1252,1284,1114,823,406,499,359
1061,41734,3218,2816,2530,2651,2684,2781,2685,2361,2534,2446,2379,2415,2475,2295,2186,1087,1239,952
2500,24148,1657,1560,1408,1352,1530,1715,1713,1654,1589,1406,1335,1417,1502,1345,1228,615,634,486
246,37542,5584,4657,3698,2964,2970,3068,2826,2169,1838,1544,1440,1301,1111,874,555,358,349,236
7600,49380,4012,3911,3442,3688,3344,3562,3435,3231,2931,2686,2674,2798,2781,2472,1807,958,946,701
2560,26756,3413,2542,1759,1765,2102,2039,1522,1258,1229,1343,1226,1232,1275,1182,1139,624,675,429
7800,43011,4016,4413,3912,2833,2410,2049,2478,3137,3479,3108,2355,1966,1917,1733,1403,713,610,478
8000,36094,4848,4227,3726,3211,3041,2753,2066,1568,1457,1379,1396,1421,1488,1194,870,485,537,427
195,22683,1759,2167,2227,1939,1759,1155,979,1316,1681,1810,1619,1418,969,698,505,253,225,203
2620,40409,3170,3980,3611,2713,1999,1581,2014,3053,3637,3208,2135,1679,1597,1807,1712,982,819,709
9500,40231,2936,2872,2531,2250,2202,2219,2637,2835,2698,2472,2024,2006,2345,2624,2415,1148,1086,930
9600,39897,2400,2509,2175,2025,2086,2359,2502,2703,2488,2281,2144,2407,2672,2824,2600,1252,1304,1165
8200,43303,3206,2891,2589,2404,2255,2420,2856,3088,2827,2638,2111,2175,2568,2791,2775,1241,1260,1210
1034,23819,2945,2453,1937,1494,1864,2143,1874,1499,1074,957,961,1138,1123,892,624,346,296,200
2800,22512,1733,1529,1663,1540,1916,1871,1431,1223,1236,1241,1307,1358,1426,1171,754,411,436,265
2650,47245,3492,4032,3934,3314,2443,1880,2187,2949,3490,3733,2650,2144,2119,2480,2405,1525,1306,1164
1031,27635,3257,2522,1745,1554,2412,2558,2490,1771,1388,1225,1300,1426,1232,960,710,398,393,291
1304,21045,1096,1496,2016,2351,2149,1353,753,779,1125,1842,1864,1654,1067,595,392,226,182,104
182,13826,926,1335,1482,1158,761,571,542,796,1137,1186,816,597,590,665,560,259,202,243
1020,18972,1789,1581,1308,1101,1193,1292,1407,1344,1181,1029,920,1057,1123,903,690,383,396,273
565,12957,1196,1087,867,657,796,859,989,1012,868,796,619,633,665,717,518,247,173,257
3650,10806,1338,1373,1241,1039,829,670,779,697,504,384,413,417,408,317,195,77,63,61
9200,18464,1779,1576,1508,1421,1368,1528,1205,1063,1023,957,982,1012,1002,850,470,315,205,200
9800,15847,1127,1621,1757,1479,1007,615,719,990,1285,1435,1087,728,599,532,369,218,138,141
3730,18420,2838,2534,1816,1188,1389,1451,1381,1019,741,648,610,689,726,582,374,215,120,100
1247,13232,2978,2102,986,373,390,1005,1685,1355,749,454,286,245,208,194,131,52,25,13
831,10294,1153,1030,888,922,950,732,693,621,542,501,486,450,407,318,244,165,108,81
28,14837,1215,1632,1565,1315,974,675,635,965,1194,1238,887,668,596,502,406,179,108,84
1113,11120,1461,1304,1024,842,664,568,851,877,804,757,562,452,337,273,168,94,58,24
2300,18130,1032,1298,1412,1405,1140,876,801,964,1213,1256,1143,980,986,1102,983,521,465,552
469,11001,989,898,747,701,825,836,753,661,623,617,610,651,618,572,348,224,172,156
922,12668,2282,1861,1421,1329,1112,987,769,559,488,389,342,302,295,223,129,74,53,51
154,13144,881,1202,1371,1346,1081,616,499,682,911,1193,1073,713,503,452,277,143,99,103
3760,8955,720,942,978,700,678,418,410,539,758,664,543,444,405,351,237,95,45,27
3750,7952,561,782,848,696,535,353,380,484,649,680,487,344,392,386,240,76,36,21
3574,5973,713,596,651,1193,764,420,230,190,219,195,180,179,139,137,79,42,25,19
3652,5253,450,550,536,453,396,285,250,355,405,386,315,279,217,190,120,33,25,9
466,7285,501,519,620,639,551,514,400,369,481,483,510,441,378,314,200,146,111,107
1066,6978,518,460,389,424,462,432,434,407,357,397,446,460,432,382,365,179,233,201
1319,5301,217,329,593,713,630,269,158,152,306,561,611,332,165,107,70,51,18,20
3763,5682,719,794,691,492,446,330,339,373,351,317,205,213,163,124,54,26,27,18
2034,9272,1049,861,757,775,723,683,585,532,447,427,447,454,483,377,266,154,141,109
1224,8702,437,593,689,735,861,544,332,331,453,559,729,690,624,499,392,126,67,42
3779,8541,1631,1385,1168,750,686,653,508,462,418,244,175,162,117,89,46,24,10,14
1263,5486,224,368,516,520,459,275,193,221,323,386,386,338,361,375,288,126,73,54
696,6598,1070,1000,850,569,485,496,408,357,265,238,181,163,159,128,95,48,46,39
1271,6415,366,488,533,605,581,409,250,301,333,364,525,413,359,399,257,139,64,28
1268,9418,760,1066,1015,744,677,461,458,657,678,693,532,402,395,356,250,156,82,35
99,5211,525,450,403,562,615,465,350,291,275,228,212,181,197,167,114,74,55,49
666,7530,420,610,736,622,510,340,263,326,515,569,404,343,366,434,478,277,175,141
53,8875,991,997,807,502,417,432,578,785,746,604,357,361,368,340,277,128,101,82
171,5930,428,423,451,391,479,439,337,314,395,356,340,408,431,390,198,75,43,33
1345,6361,1058,1107,554,207,130,130,506,898,701,370,152,119,120,141,101,47,17,5
1167,5343,269,322,440,480,463,271,177,193,254,378,432,393,346,341,285,135,90,73
4100,7297,538,640,590,460,559,426,427,407,421,454,395,427,432,418,303,160,153,85
3611,7326,985,901,760,729,661,555,429,351,355,253,199,222,289,217,169,106,85,60
1137,6128,1209,861,730,582,581,572,452,316,155,124,122,126,107,82,47,29,19,13
3640,8135,1090,938,712,627,769,588,645,503,361,278,256,323,387,297,179,91,53,37
122,7785,615,610,675,594,563,444,407,479,520,511,437,399,510,453,341,123,67,38
812,6511,509,531,554,509,429,411,364,390,444,484,389,367,379,270,172,93,125,90
3720,6039,564,645,638,481,422,319,312,432,451,360,343,272,241,215,184,96,43,22
1330,2279,145,238,242,239,185,108,86,134,169,202,157,139,91,66,41,21,10,6
3604,3098,292,290,332,266,518,266,133,111,129,164,142,106,72,104,76,38,29,29
41,3415,274,283,283,269,270,222,189,182,180,216,233,230,183,158,72,62,45,64
3618,2459,247,320,405,243,208,150,105,97,157,169,126,69,48,48,33,19,11,4
3560,3838,443,415,366,286,286,292,253,197,197,181,111,135,158,187,184,82,48,16
1050,2197,129,258,299,229,151,81,72,89,236,218,141,108,81,57,25,17,5,..
3710,2757,553,531,388,141,204,192,216,181,131,61,34,42,23,18,12,16,11,..
1293,2049,94,129,188,192,217,151,92,77,105,156,144,155,133,96,75,16,18,9
1274,2670,174,181,229,280,289,210,139,104,129,195,227,189,162,82,44,20,12,4
3823,2603,322,354,334,235,242,190,168,146,125,110,90,93,60,57,47,16,9,6
1186,2051,176,234,265,206,212,123,76,96,126,112,101,130,99,54,22,10,9,..
3769,4088,249,344,448,398,364,183,144,177,247,367,313,214,163,193,178,63,31,12
4005,2055,173,188,178,657,344,95,65,59,67,39,53,39,27,40,25,..,..,..
3770,2771,293,186,223,222,308,286,169,91,79,121,159,186,184,132,64,33,20,14
3788,4575,722,865,842,405,278,210,241,274,246,244,158,53,15,13,..,..,..,..
46,4243,525,576,504,382,282,234,231,210,208,162,155,204,147,123,89,51,56,107
577,4268,549,622,691,510,357,222,168,211,252,286,157,79,53,24,30,15,12,28
3647,2288,374,369,339,151,127,124,166,171,130,107,69,34,45,41,25,10,5,..
3564,2227,349,370,308,252,144,139,159,129,90,66,53,68,55,29,8,..,..,4
3638,4674,598,669,607,438,337,207,272,349,314,261,227,138,108,70,42,22,6,9
3796,2657,86,234,370,456,279,102,42,64,138,320,304,164,43,20,21,6,6,..
47,4311,312,406,425,383,301,212,180,243,296,290,284,256,232,207,176,50,32,25
1310,2394,96,165,213,255,322,180,58,83,113,178,247,252,130,53,24,9,6,7
1082,2061,176,183,229,237,225,179,113,67,84,115,149,151,78,41,19,12,..,4
3576,2560,397,348,266,391,259,202,152,123,100,54,68,48,70,51,14,10,4,..
1098,2230,190,197,193,478,209,145,106,78,68,79,97,117,127,58,46,20,10,10
1315,3617,170,245,393,466,415,234,78,110,173,311,398,317,135,66,47,35,14,10
3725,2322,261,282,340,193,213,127,128,128,125,127,123,92,65,43,30,21,12,12
1333,2128,168,156,214,200,265,230,93,52,59,101,168,179,157,57,12,10,5,..
1284,2689,126,191,265,305,262,137,91,89,160,252,237,150,123,168,83,31,16,4
3726,2383,431,381,234,161,146,137,268,178,107,110,59,53,41,22,35,14,..,..
351,2461,289,303,284,358,179,148,124,131,114,112,105,115,83,43,37,14,16,8
3787,2148,225,320,246,190,102,71,110,169,207,182,97,69,47,47,30,14,16,7
587,4036,197,307,373,384,318,189,112,123,233,315,268,251,243,197,203,122,94,104
3765,4415,824,613,536,323,523,424,260,221,161,166,106,81,52,37,33,20,16,17
3727,3399,815,776,375,95,58,176,403,376,169,51,27,28,16,21,7,5,..,0
3660,3906,799,571,454,287,346,321,238,169,124,119,85,119,125,69,40,18,10,11
3617,3043,331,343,408,313,348,196,158,136,145,172,138,117,65,77,51,19,20,8
3778,2428,373,395,288,146,127,117,171,253,139,110,86,72,57,36,29,10,13,5
3768,2010,293,321,270,191,195,127,128,128,100,91,59,49,44,6,5,..,..,..
3791,2406,315,353,248,165,152,140,172,206,174,123,92,106,62,50,27,11,6,4
276,3291,173,285,450,372,205,87,124,154,286,368,246,133,78,88,89,65,47,41
3557,4544,600,672,601,375,304,259,270,280,246,192,122,105,146,165,121,42,24,19
1243,2884,188,284,242,256,242,149,116,167,192,233,224,243,126,86,83,26,16,11
26,3148,254,251,265,208,225,205,177,166,175,209,178,181,164,200,158,66,36,28
3795,2632,464,507,461,189,150,132,133,194,174,117,59,32,..,..,4,4,..,..
3641,4356,848,839,612,188,386,264,343,300,175,97,58,64,69,55,27,11,12,7
1337,2514,51,136,344,431,341,122,32,35,104,312,312,170,63,30,17,8,4,..
3563,4076,646,735,549,224,218,168,320,425,229,130,94,81,87,74,44,19,18,17
326,2131,171,179,203,147,107,90,100,111,161,170,113,92,109,123,106,56,46,47
2038,2082,291,250,203,175,156,185,146,98,88,87,114,86,68,41,19,24,13,37
763,2116,189,180,181,207,184,174,113,100,109,135,143,144,114,57,30,21,21,13
709,2178,337,333,353,269,163,83,96,108,86,86,39,62,74,39,23,15,6,5
3709,2669,387,496,443,341,111,119,123,161,194,114,54,24,34,46,17,5,..,0
147,2678,197,238,283,187,149,118,113,153,234,257,148,112,77,103,102,88,60,59
694,2039,181,175,139,174,185,143,139,146,130,99,89,83,74,81,72,51,22,57
2710,56109,5639,5587,5955,6367,5644,4564,3420,3158,3471,3296,2832,2216,1494,1011,599,484,222,150
7300,77445,6483,6555,6420,7449,7136,6541,5050,4462,4944,4534,4306,3908,3034,2331,1601,1261,882,550
1161,71437,11819,9914,8757,8839,7428,5916,4239,3323,3063,2699,1787,1272,827,597,403,305,158,89
6000,29950,2868,3000,3040,3353,2769,2357,2004,1836,1882,1691,1436,1220,876,636,422,313,157,90
1292,21163,1859,1796,1959,2393,1993,1771,1344,1195,1342,1366,1246,1041,719,436,274,252,122,54
1303,22337,4087,3553,3001,2799,2142,1493,1238,974,899,709,474,313,221,166,119,79,45,26
2730,43957,4280,4258,4701,4767,4010,3460,2826,2409,2659,2585,2252,1994,1288,942,629,487,242,168
2720,26552,2435,2331,2277,2555,2365,2348,1929,1609,1659,1527,1420,1291,985,705,484,323,168,141
8900,34392,3155,3206,3451,3700,3096,2896,2231,2077,2269,2042,1801,1522,1095,762,420,355,196,118
1059,21866,3880,3220,2822,2627,2075,1641,1266,1076,905,704,522,398,264,190,119,88,41,26
509,22751,2339,2287,2307,2551,2192,1931,1508,1206,1371,1251,1073,903,666,498,283,217,98,69
510,20188,2258,2271,1945,2370,2073,1914,1416,1154,1080,987,880,639,452,305,155,150,78,63
634,23823,2664,2445,2414,2688,2349,2139,1538,1297,1400,1300,1127,889,592,387,279,170,81,63
481,22957,2046,1980,1965,2178,2139,2216,1790,1618,1517,1314,1176,1024,704,515,296,237,161,81
7500,31702,3181,3112,3010,3095,2650,2693,2297,2084,2106,1980,1703,1266,862,674,358,328,184,121
531,25833,2628,2721,2757,2947,2390,2151,1663,1517,1591,1453,1209,924,682,526,242,231,131,74
637,25245,2282,2485,2556,2832,2279,1986,1565,1529,1570,1555,1292,1064,694,557,424,304,138,134
638,23143,2609,2529,2445,2595,2229,1870,1512,1317,1281,1234,1019,909,628,396,242,175,105,50
8800,42137,3506,3431,3637,4298,3950,3537,2609,2585,2677,2737,2514,2164,1524,1107,672,567,360,262
1054,20808,3536,3083,2780,2770,2058,1573,1139,929,809,692,472,347,225,159,117,67,32,19
473,14099,1281,1148,1229,1428,1266,1244,1010,899,955,840,712,642,491,369,239,175,100,72
478,14784,1560,1375,1521,1595,1439,1289,981,840,954,829,714,594,401,321,157,125,54,36
529,13305,1141,1241,1237,1345,1220,1098,862,794,907,798,744,623,464,341,221,145,83,44
480,12001,942,942,1006,1062,1073,1159,955,794,850,713,642,577,453,313,152,149,127,92
1326,10010,1080,1046,1033,1135,1006,888,657,558,588,535,418,369,249,167,114,86,40,42
627,10148,1117,1007,1045,1144,1049,781,571,551,550,597,464,377,293,206,134,112,81,69
541,14930,1799,1701,1651,1723,1399,1228,1025,974,874,783,567,455,312,218,104,66,33,17
628,12100,1213,1092,1085,1224,1117,1070,862,722,659,652,602,615,444,302,179,136,77,49
494,17653,1387,1377,1441,1386,1411,1398,1348,1258,1306,1213,1061,945,754,584,330,233,132,91
489,10510,1021,971,978,1159,921,889,652,562,566,639,627,491,322,264,165,162,73,50
490,12514,1225,1212,1276,1357,1184,1061,894,769,749,711,578,482,351,272,151,122,74,44
492,10339,904,920,948,1011,925,951,708,654,661,615,567,506,334,230,152,135,68,48
498,14240,1418,1432,1421,1474,1359,1247,925,789,878,791,731,583,386,330,186,147,81,60
499,19151,1695,1814,1779,1965,1800,1668,1226,1130,1221,1142,1040,876,650,432,303,200,137,73
502,17171,1493,1587,1635,1773,1573,1574,1226,1160,1103,951,853,720,506,399,219,181,115,105
504,14095,1408,1422,1414,1507,1230,1227,966,864,879,829,728,596,362,279,159,119,63,45
507,10133,834,771,808,899,833,863,709,673,690,591,609,560,447,333,224,137,89,63
654,19018,1792,1779,1771,1825,1703,1748,1289,1233,1148,1132,999,873,656,442,264,192,101,72
1060,14075,2341,1999,1806,1661,1359,1036,793,657,665,552,409,279,190,113,103,67,30,15
516,15455,1257,1500,1691,1698,1468,1284,995,961,977,964,759,635,443,321,185,172,100,45
4201,11180,839,921,1020,997,885,847,675,756,944,912,646,513,362,299,265,127,83,88
1327,15065,1442,1419,1472,1754,1598,1255,893,827,939,867,785,643,424,317,182,138,55,54
522,13113,1426,1324,1380,1529,1207,1180,903,772,802,697,601,438,309,216,124,113,62,32
532,13335,1277,1289,1185,1562,1300,1183,886,698,805,801,695,590,432,271,156,113,49,44
534,12503,959,939,1017,1057,976,944,979,864,917,868,682,649,549,429,276,176,124,98
1192,18332,3077,2815,2416,2302,1939,1435,1009,834,699,624,395,266,201,135,87,46,28,27
537,13247,1401,1227,1311,1350,1116,1099,985,843,880,736,634,580,425,259,166,132,66,38
542,19001,1788,1757,1723,1996,1830,1713,1236,1039,1143,1097,1006,895,687,463,256,179,136,58
1286,10936,1849,1529,1423,1389,1145,826,597,486,480,401,254,208,159,82,51,30,18,10
472,7698,784,720,740,717,707,627,555,533,461,402,357,371,285,172,121,68,48,30
1359,5875,1075,736,691,721,611,493,367,275,273,176,168,112,64,50,32,23,8,4
482,9812,1010,997,966,1075,962,897,710,613,655,519,433,348,214,182,94,68,39,27
4001,6610,499,573,644,603,582,525,443,456,485,520,315,294,232,165,119,52,47,57
998,9522,1010,1012,924,949,915,814,712,554,556,506,460,363,274,202,91,104,44,32
1348,5874,1244,892,623,632,558,399,312,261,232,230,166,116,83,36,29,30,19,10
944,7916,745,726,733,852,760,649,526,473,496,478,435,356,246,160,94,92,49,45
483,8381,762,770,826,939,839,709,533,515,552,496,420,351,228,172,111,81,45,32
485,6465,523,449,512,602,574,622,500,423,444,433,352,346,237,175,86,78,66,45
1290,7094,752,758,627,686,640,602,502,409,409,390,342,319,235,150,122,73,47,31
975,8119,930,896,809,823,764,745,548,494,501,419,370,283,181,159,71,68,25,31
496,6410,570,539,565,624,548,574,475,450,457,408,324,274,180,183,82,70,53,36
962,6776,743,641,633,687,668,564,468,490,460,376,314,268,170,137,66,50,18,21
1295,6679,588,596,646,645,580,606,497,489,468,407,327,261,204,159,86,61,28,31
1296,8818,910,879,915,897,830,810,674,608,571,456,374,307,191,156,90,71,49,29
978,5504,635,567,545,587,547,502,360,299,320,296,248,223,135,107,39,37,29,28
520,8373,921,900,801,863,807,796,606,514,450,414,360,290,244,160,102,76,35,33
530,5752,466,506,449,505,454,460,416,421,392,326,307,296,246,185,138,82,60,41
511,8356,949,863,858,905,829,759,562,472,496,502,373,292,183,121,74,64,32,20
536,5893,490,446,414,507,471,544,451,409,378,353,337,332,249,189,120,83,61,57
543,7728,604,593,539,661,635,697,550,461,514,464,443,405,326,294,216,152,106,69
913,6053,605,634,639,687,540,424,354,341,391,368,321,246,160,142,72,68,42,17
538,7061,692,714,591,755,689,665,483,410,441,423,404,314,155,129,77,65,40,15
1375,2023,427,309,231,210,181,149,128,96,81,76,42,28,27,15,13,7,..,..
652,2835,268,283,290,322,278,268,187,133,142,168,133,140,81,57,29,32,16,9
1358,4277,789,571,480,561,465,324,276,203,174,125,96,88,48,33,20,16,7,..
487,3105,231,235,227,257,234,260,195,188,227,196,204,183,118,93,80,62,66,48
505,3589,331,344,344,360,275,293,247,215,245,238,206,135,112,91,51,60,30,13
633,3678,433,390,378,439,423,336,234,168,197,191,154,125,76,49,36,28,11,10
508,3373,249,258,223,259,256,311,238,227,229,189,172,167,190,173,91,79,44,20
512,2750,242,272,272,346,280,237,159,150,179,150,146,106,87,55,23,28,7,8
635,4081,476,429,433,464,420,338,256,229,242,228,174,142,95,55,41,37,17,8
517,3929,402,264,266,304,336,464,322,239,171,226,214,260,188,111,50,48,43,21
649,2017,193,203,197,227,192,145,135,110,151,118,96,77,66,41,33,22,7,5
4203,3714,296,359,384,334,300,221,257,245,322,286,173,163,117,88,80,47,16,25
518,3244,211,214,228,267,211,224,196,202,221,238,185,172,133,132,104,110,93,105
524,2324,276,231,268,268,180,178,151,151,162,123,96,82,53,54,23,21,5,4
525,4270,352,358,369,427,399,445,310,341,310,281,202,143,117,87,52,41,24,12
526,2609,251,245,237,268,209,243,199,165,167,143,120,114,72,78,45,30,15,8
1245,3340,351,343,340,389,366,284,208,199,222,191,141,90,62,78,37,27,6,8
4501,2659,258,296,276,277,236,237,200,224,192,134,94,82,58,41,26,11,10,8
528,3276,382,342,326,409,360,291,188,170,208,169,126,108,63,56,34,25,12,7
521,3505,470,422,384,423,341,281,245,216,196,150,127,90,81,36,24,9,6,4
4502,2098,168,186,206,202,163,157,141,139,171,150,113,93,65,56,38,21,10,18
535,3172,260,213,214,236,221,282,238,216,215,215,202,171,153,119,83,60,39,34
1347,2460,492,317,254,263,234,207,175,134,118,95,53,37,19,23,16,14,..,5
997,2047,244,213,191,204,202,203,136,107,116,103,97,69,63,43,25,13,9,10
658,2887,280,256,231,312,301,266,207,162,179,180,153,117,96,49,36,30,24,9
679,821,65,111,94,65,32,41,36,59,89,68,38,26,28,35,20,5,..,6
1115,471,38,43,52,43,40,23,34,23,38,32,26,13,21,18,15,10,..,..
819,826,89,82,78,49,43,37,59,58,67,50,35,38,48,38,20,11,11,11
175,1422,101,143,129,108,82,48,70,89,114,100,64,85,62,74,62,34,26,32
2052,494,44,45,48,44,26,24,24,31,33,35,24,19,20,17,32,18,5,5
1070,875,62,91,116,83,59,35,34,38,75,63,69,54,30,33,16,7,8,..
1081,299,34,17,17,21,17,26,25,10,14,19,18,23,18,12,11,7,7,..
783,703,66,56,54,50,42,51,45,43,45,52,34,41,35,35,24,9,11,8
4011,725,120,126,93,34,37,43,64,64,39,16,13,22,22,31,..,0,0,0
113,272,20,22,28,21,26,10,12,13,16,27,15,13,13,4,8,9,7,6
1123,883,72,108,109,80,76,45,40,49,62,81,54,31,27,21,11,7,6,7
446,1379,120,130,105,108,91,50,97,99,105,105,83,73,50,45,33,23,29,31
1046,408,15,41,64,41,18,18,8,16,49,40,24,14,4,13,23,16,4,0
680,849,66,95,78,85,51,40,28,60,66,74,61,32,31,41,19,12,5,5
780,1314,131,107,110,134,99,90,94,85,78,78,78,66,59,36,22,26,10,13
2012,496,32,43,47,39,40,41,14,18,28,33,44,35,22,16,11,13,13,10
821,547,45,35,33,42,51,36,46,33,34,27,35,28,27,19,10,23,17,7
785,892,81,75,81,92,71,59,56,43,54,51,56,49,32,20,18,26,19,8
850,1093,99,80,89,102,82,67,61,62,74,87,73,51,51,34,22,25,25,10
804,1377,114,156,137,110,109,108,75,80,86,77,71,74,83,42,25,12,9,9
797,1906,218,192,158,174,142,126,113,79,90,77,98,104,76,58,39,36,41,83
49,490,24,40,39,35,48,30,27,25,31,32,47,34,26,18,14,5,12,5
37,464,49,48,36,41,40,41,27,23,22,22,25,22,26,14,10,5,8,4
1182,1118,80,93,106,109,101,79,54,48,60,82,63,93,102,33,..,6,..,4
4002,433,66,53,37,26,7,15,36,50,34,20,15,8,26,37,..,..,0,0
730,651,75,57,43,39,40,62,52,40,25,37,28,46,33,33,20,7,8,4
682,910,94,101,72,54,51,53,61,52,48,50,38,63,44,58,20,14,22,15
204,714,50,90,75,35,39,37,29,54,68,44,36,25,33,44,24,12,10,10
841,1200,111,90,109,99,89,78,70,57,80,83,77,75,61,64,28,9,13,8
1125,418,39,43,44,28,9,12,18,31,31,43,23,4,5,24,36,24,..,..
603,275,12,11,16,22,25,19,15,16,11,18,26,20,23,16,7,7,..,9
772,993,83,89,81,91,74,56,56,46,69,66,64,64,39,31,36,19,10,19
1064,866,81,92,85,52,36,34,59,68,74,83,32,42,31,34,35,15,10,..
1253,392,44,32,30,21,23,21,34,26,20,16,21,19,41,28,11,..,..,0
4012,533,20,33,42,48,59,51,30,25,28,47,38,38,27,29,12,4,..,0
701,735,74,70,82,78,30,49,28,36,72,51,26,29,33,42,14,..,10,8
3598,132,10,11,7,..,6,14,11,13,9,5,..,8,13,15,4,0,..,0
71,652,54,90,73,47,31,29,40,48,66,42,34,23,18,13,16,13,11,6
740,1238,128,116,146,103,95,79,72,89,79,71,56,41,47,54,29,13,7,14
155,1289,98,166,149,94,81,47,61,74,113,99,77,46,33,35,22,37,28,30
1278,188,28,35,29,8,..,..,13,17,17,19,10,..,..,0,0,0,0,0
697,1143,85,104,147,100,64,24,73,60,118,116,67,35,37,54,37,7,4,12
559,1302,125,118,105,187,68,71,84,91,92,72,50,51,58,44,44,13,11,17
698,1136,78,103,116,84,65,48,71,67,85,93,72,62,42,70,42,16,12,8
762,777,57,64,65,78,59,49,50,40,41,60,58,49,34,29,9,14,12,10
234,1258,104,125,107,113,75,61,46,85,97,94,79,57,53,57,39,25,20,24
562,1568,137,188,160,119,73,69,75,104,142,123,78,54,64,70,60,24,16,12
571,1019,82,103,111,87,79,62,54,48,53,80,44,39,66,62,28,8,8,5
723,847,83,82,77,89,72,65,66,28,41,34,50,48,31,31,8,14,15,15
373,828,77,92,62,60,39,31,46,65,70,58,32,43,37,42,32,20,12,9
322,775,72,58,69,43,55,66,64,61,48,52,27,22,40,49,40,5,..,..
710,1708,152,136,152,106,117,97,109,135,116,105,103,87,75,75,66,26,23,29
2033,1248,157,147,131,315,180,59,59,45,31,24,19,19,14,18,11,7,..,8
159,542,36,40,42,29,35,33,28,34,34,40,30,28,30,22,32,23,10,16
800,907,62,77,87,84,70,49,47,56,54,57,73,57,53,30,29,..,..,14
288,1046,78,101,125,104,61,28,42,73,94,84,70,40,29,40,50,15,7,5
265,481,42,37,29,31,47,47,27,24,21,29,28,33,32,24,10,7,5,9
200,372,25,32,28,27,24,12,17,21,27,28,27,25,18,13,19,13,4,11
430,843,71,63,78,56,64,40,49,52,44,53,62,42,63,53,29,4,4,17
751,878,122,60,68,113,124,54,52,46,31,33,35,23,26,41,22,9,14,6
784,879,56,71,82,64,55,49,43,46,67,77,56,63,45,31,27,20,12,13
672,744,76,77,73,41,37,41,55,57,44,49,30,35,37,35,27,12,5,14
202,263,15,19,25,24,8,11,8,11,17,22,18,13,13,10,18,16,10,6
301,625,48,60,61,41,40,41,35,31,51,33,43,41,22,25,17,8,16,11
756,1116,89,83,90,88,89,74,67,63,62,71,74,75,76,39,23,18,18,16
604,1174,103,95,100,94,89,84,46,58,56,85,93,85,60,38,30,20,18,19
248,766,67,87,73,56,33,27,33,60,59,63,33,27,26,27,37,25,24,7
747,863,77,94,76,63,57,60,62,53,58,44,37,32,54,40,26,13,11,6
252,152,12,14,12,6,6,4,6,7,16,7,4,9,..,12,5,11,10,8
94,528,48,62,49,27,27,28,31,34,50,32,31,16,22,23,23,9,8,9
760,1132,124,97,105,110,79,89,74,53,51,82,72,59,41,33,18,19,13,14
712,766,69,82,50,40,37,55,49,55,56,39,54,47,40,32,19,8,12,22
2013,870,85,81,85,69,45,24,39,55,74,82,59,42,36,38,34,11,6,4
1363,770,148,173,131,58,29,36,53,55,31,21,15,9,8,..,..,..,0,0
448,964,69,103,99,66,53,54,47,62,93,76,44,41,51,34,28,12,11,21
418,1370,100,115,135,136,102,55,47,76,106,86,110,77,62,71,54,15,8,15
588,1417,147,134,154,155,132,82,71,72,87,112,65,55,39,43,32,15,10,10
685,798,64,94,73,54,49,36,35,63,56,41,61,33,45,45,26,7,5,9
389,1213,91,123,130,111,75,30,42,70,95,112,105,42,42,56,51,15,8,15
589,295,27,30,19,15,10,16,25,29,24,7,21,12,15,16,14,6,..,7
864,786,90,77,52,48,60,42,50,71,59,48,38,48,35,36,12,6,11,..
3612,182,19,25,18,11,..,..,11,16,16,16,5,4,..,14,14,..,0,0
823,674,89,51,51,46,37,56,55,46,47,24,31,28,40,27,16,10,6,11
2060,564,67,66,61,60,33,24,29,40,44,37,29,12,13,14,15,8,6,5
746,1274,135,124,120,184,136,73,68,51,45,61,64,50,52,52,12,12,13,22
141,411,34,25,36,22,27,26,30,28,25,24,21,23,21,16,22,13,13,5
33,656,53,71,75,44,37,34,41,44,67,38,39,32,29,23,18,5,..,6
872,359,35,36,31,10,12,19,17,29,34,19,17,14,24,21,10,11,12,9
379,968,77,86,92,69,55,52,59,60,71,63,55,54,45,46,28,19,13,24
853,973,66,75,66,70,96,50,46,44,70,76,73,45,58,36,32,18,24,26
683,1200,99,134,128,101,60,50,71,83,98,85,68,50,50,43,45,12,12,11
2014,386,33,46,42,30,23,18,33,29,22,28,12,18,15,15,7,5,5,5
207,374,32,27,38,15,20,11,20,26,32,17,21,13,25,29,14,13,8,14
4021,707,63,82,77,41,29,24,31,67,81,44,25,8,26,38,55,13,..,0
787,1455,139,130,98,132,121,81,96,102,77,73,89,92,79,64,29,24,17,12
919,824,65,79,108,60,57,40,43,53,54,67,62,30,35,36,28,4,..,..
802,903,94,88,83,57,74,56,62,51,60,44,64,41,38,38,10,17,14,13
360,730,50,74,87,60,39,28,37,52,68,51,39,42,38,26,18,5,5,10
1077,410,26,31,54,41,25,7,13,17,20,42,31,20,7,19,19,12,8,18
793,1047,129,118,86,74,67,65,70,74,63,60,56,43,42,38,22,18,14,9
145,397,29,23,28,40,31,35,23,7,15,28,32,38,19,6,8,10,15,10
755,426,44,28,20,25,37,27,42,16,23,17,31,32,31,22,6,9,10,8
706,969,90,100,88,66,51,41,45,85,81,62,41,38,46,63,44,15,9,..
736,1451,128,164,130,127,99,100,85,107,109,94,73,60,54,45,26,18,10,18
863,918,89,83,84,64,52,43,66,53,75,71,50,42,43,36,47,11,4,7
3613,504,81,106,97,10,6,14,40,58,37,12,..,6,10,16,5,..,0,0
745,1206,143,171,151,96,63,57,70,70,90,72,53,30,38,55,32,9,5,..
1072,636,43,87,64,35,28,30,38,51,65,33,28,26,19,23,18,16,19,12
225,861,73,66,78,65,49,34,57,60,62,64,49,51,39,31,30,22,17,15
239,816,55,66,59,62,57,46,41,46,48,52,58,51,62,51,27,12,11,12
734,997,65,81,105,103,76,57,42,46,56,77,84,70,48,40,21,10,9,7
311,694,36,57,76,49,38,45,37,38,58,46,42,36,49,34,29,6,11,6
836,587,50,38,54,41,34,35,40,27,50,46,25,30,28,31,28,13,10,8
862,621,54,53,47,41,38,31,33,32,56,40,33,36,33,43,28,12,6,5
39,410,40,46,32,25,19,25,22,37,33,17,16,31,14,14,15,13,5,5
146,217,18,21,20,14,12,10,10,14,15,10,14,9,11,8,8,8,8,7
1067,483,41,40,36,33,40,44,28,32,21,34,26,30,23,16,15,10,12,4
738,443,69,36,12,13,16,28,62,49,18,14,9,30,42,17,5,0,9,12
2063,333,21,11,22,27,23,31,23,16,13,13,17,36,20,27,10,9,7,7
431,862,72,76,80,80,94,73,46,36,42,44,57,58,30,29,7,13,11,14
1241,350,37,37,41,17,17,11,18,33,34,19,19,8,6,27,14,8,..,..
191,675,53,76,80,63,32,18,21,33,49,67,51,31,24,22,27,14,11,4
726,548,56,69,52,40,25,21,28,29,39,43,20,19,19,20,18,20,21,10
307,1060,128,150,125,213,44,39,60,65,60,37,19,13,31,41,19,10,4,..
684,711,97,89,47,27,23,33,48,79,54,23,16,21,45,55,28,7,..,17
3639,341,35,48,38,25,19,16,19,24,36,25,10,11,11,16,6,..,..,0
815,559,77,56,44,43,37,49,38,28,26,18,30,32,31,25,7,4,7,7
44,350,37,40,23,17,16,29,30,26,23,15,12,12,27,18,13,6,4,..
788,1064,84,86,96,83,88,64,63,75,79,65,45,58,50,57,36,18,9,9
799,1124,101,105,93,84,90,72,72,76,68,70,75,67,39,36,23,22,13,18
1065,624,91,103,65,36,21,40,47,45,39,29,24,24,24,13,..,4,10,8
816,524,47,44,45,50,41,40,33,20,33,28,35,32,27,19,10,12,5,4
2064,468,55,54,42,40,26,25,33,25,39,31,26,16,16,20,9,..,6,..
818,729,67,73,91,80,63,50,36,30,40,43,34,41,18,19,20,13,9,4
235,482,27,30,51,64,21,17,20,31,30,28,30,27,18,25,31,12,13,7
717,1162,103,105,112,99,55,57,58,80,110,94,64,54,46,52,23,21,12,16
205,865,47,83,111,121,58,18,25,33,52,107,79,38,10,19,24,16,18,6
618,875,97,93,80,66,57,33,44,55,63,65,59,35,34,38,28,11,8,8
662,1135,103,131,130,96,61,49,74,78,79,77,60,71,39,31,31,10,8,7
1047,306,33,32,20,13,5,15,27,22,17,9,11,5,12,41,31,7,..,..
219,727,85,90,61,48,32,29,37,58,61,39,36,30,37,31,20,17,7,9
162,1298,78,112,152,137,96,45,33,56,92,127,106,85,50,27,33,25,23,21
820,455,37,43,37,26,28,32,20,26,28,34,30,27,18,19,17,13,7,11
801,1316,122,164,148,175,174,50,65,80,104,42,22,32,38,40,27,9,6,19
3609,173,18,18,8,46,6,6,8,11,10,6,6,0,..,8,13,4,..,0
807,923,57,74,68,62,71,58,60,54,41,53,70,65,63,55,46,6,6,16
700,1486,144,171,149,99,91,81,102,86,80,103,91,61,74,59,37,22,20,13
13,620,56,69,61,74,19,17,37,38,45,46,14,17,16,41,60,6,..,..
422,972,57,63,64,267,104,37,36,32,57,55,44,36,25,36,30,8,7,13
663,1201,112,126,142,111,93,73,60,46,79,93,63,47,33,38,33,31,12,8
462,1369,136,156,133,117,72,55,71,105,118,105,81,46,44,45,36,19,18,15
1214,478,63,56,53,40,64,42,39,27,19,12,8,16,29,6,..,..,0,0
1232,338,44,49,36,19,6,7,20,38,30,30,4,4,10,31,10,0,0,..
798,918,84,91,87,70,72,51,53,58,62,51,63,43,44,35,23,10,11,9
775,666,61,57,64,55,27,36,45,53,65,42,23,33,30,35,20,4,9,6
64,1124,99,87,110,89,75,85,66,72,66,81,60,53,56,39,31,17,13,24
2009,638,38,53,70,47,39,65,41,20,46,42,34,27,39,33,25,8,8,..
803,683,98,114,77,55,35,37,43,39,46,26,26,16,22,17,19,8,5,..
811,734,82,76,65,40,41,46,48,46,57,48,44,33,24,17,14,22,18,15
753,936,81,66,84,60,66,63,58,52,69,58,44,57,50,52,26,20,7,21
2011,1197,133,103,94,96,94,94,92,64,59,73,73,67,38,32,21,30,17,16
1138,690,32,61,73,70,66,34,10,28,46,58,54,54,28,46,25,4,..,0
795,752,73,63,68,57,56,47,50,52,37,56,39,47,37,28,15,12,11,5
3566,202,32,26,23,9,7,11,19,19,9,14,7,..,6,7,6,5,0,0
759,822,79,69,57,53,62,66,54,43,54,41,46,58,48,29,17,14,14,17
241,1401,132,135,117,97,78,59,70,93,103,90,58,56,62,88,91,33,21,17
2026,371,31,35,39,22,16,28,19,30,27,20,21,17,21,16,13,7,5,6
718,1082,92,89,78,99,83,91,72,48,51,64,81,85,62,27,9,13,16,20
183,360,14,12,37,36,39,22,..,13,15,38,35,20,12,14,15,10,13,11
916,413,29,37,45,36,26,15,20,21,38,40,27,10,19,16,18,8,7,..
805,771,94,86,64,47,54,52,56,45,55,38,33,32,35,18,15,23,12,10
828,1001,115,96,73,65,65,53,81,62,79,61,53,63,48,37,17,10,12,12
1227,508,73,67,46,24,19,18,39,67,46,26,15,14,21,27,..,..,0,..
824,1052,83,143,130,88,50,35,40,64,112,81,42,36,35,58,27,10,7,10
1210,442,43,45,31,17,21,30,42,34,36,14,13,29,41,33,13,..,0,0
1229,238,44,23,12,13,17,25,30,16,5,..,7,12,22,8,..,..,0,0
1291,188,21,29,21,12,21,9,5,11,17,21,11,8,..,..,0,0,0,0
4028,461,29,52,51,41,45,49,13,21,32,36,39,48,5,..,..,0,0,0
859,428,43,36,40,40,31,25,30,33,19,27,20,23,22,6,12,10,7,..
857,822,72,97,72,63,49,33,44,48,66,69,40,35,21,34,38,15,12,15
364,947,85,135,117,69,54,31,39,54,98,91,39,43,29,30,15,6,4,8
690,877,91,97,84,68,53,44,49,71,61,59,35,40,40,54,19,..,..,8
220,855,62,64,145,152,30,28,47,47,50,43,27,25,22,38,35,15,15,12
177,1258,94,101,101,72,82,72,62,80,78,90,80,93,63,39,49,35,36,32
2010,749,66,89,86,42,37,28,33,42,84,59,35,40,31,36,23,7,8,4
132,602,71,81,75,46,26,21,22,42,56,50,16,12,13,22,26,10,..,9
106,346,49,40,46,31,18,23,19,15,29,13,8,7,15,23,6,..,..,..
582,1260,106,117,85,84,91,74,74,85,90,79,74,76,64,57,39,26,22,18
187,1593,121,131,157,144,140,61,64,73,95,120,170,94,59,50,32,27,35,20
217,1460,133,152,164,338,82,61,59,64,74,82,45,40,28,31,36,34,29,7
888,836,67,82,94,78,61,40,35,41,66,66,58,39,37,34,22,4,5,9
190,1973,121,160,182,206,139,87,92,105,113,174,166,100,90,66,43,50,30,48
320,1143,92,122,116,93,85,43,50,61,91,96,77,43,31,47,41,26,15,15
786,768,64,67,66,141,51,54,46,38,33,25,29,39,48,30,7,10,9,13
609,775,77,90,81,62,53,50,50,37,47,40,42,51,40,25,7,11,6,6
193,648,52,63,68,34,38,12,38,44,52,52,31,29,30,16,34,29,18,8
112,842,56,72,54,46,53,49,58,88,68,68,44,35,38,45,30,13,10,16
673,893,82,74,95,67,53,41,48,65,68,60,69,46,46,34,18,12,9,6
233,730,45,68,89,70,35,19,36,27,60,79,51,20,22,25,41,33,5,..
140,1224,84,116,140,117,90,60,49,54,84,85,101,58,44,25,21,25,35,36
85,1213,101,135,166,137,55,37,70,69,116,83,43,29,43,55,33,19,..,18
170,659,58,68,65,49,58,45,38,31,37,40,39,37,36,17,12,10,11,9
387,943,92,95,88,62,44,39,64,61,66,79,41,47,53,51,23,10,12,15
1095,375,34,47,44,15,54,34,8,15,21,25,21,8,..,4,8,15,18,4
98,325,32,21,22,17,13,21,19,19,25,20,14,17,16,25,15,11,11,7
764,644,54,71,61,47,40,19,19,46,58,35,43,28,32,35,22,16,..,16
316,1193,115,125,120,92,61,31,64,100,117,104,73,29,24,47,41,25,17,8
249,1502,115,157,164,122,82,51,52,91,139,128,97,68,41,45,58,33,26,31
189,1034,87,84,70,450,37,37,40,39,30,21,27,16,18,21,21,18,11,7
388,619,51,73,55,48,48,20,30,37,55,46,33,31,24,40,21,6,..,..
1130,243,13,16,15,15,25,11,11,11,14,24,18,10,5,13,16,20,4,..
1166,264,50,34,7,..,..,8,26,32,19,10,..,10,15,35,9,..,..,0
605,559,72,95,68,27,26,31,31,35,47,18,17,22,31,23,11,4,..,..
743,956,95,109,103,66,50,36,53,79,78,80,48,27,38,53,25,4,10,4
664,526,66,55,45,28,34,37,46,31,28,20,24,32,28,19,10,6,9,7
580,777,70,80,84,58,47,31,32,42,59,73,48,35,32,44,33,..,..,..
1230,427,40,33,41,34,34,31,27,30,21,22,31,20,32,29,..,..,0,..
52,816,90,129,96,61,37,29,31,73,81,61,37,28,31,13,6,6,..,5
674,692,46,58,70,72,40,34,28,35,59,55,61,28,24,30,27,13,4,7
24,769,37,58,83,79,78,38,22,38,41,58,86,43,17,8,15,27,31,9
1173,128,9,6,..,12,5,8,12,14,7,..,0,5,26,19,0,0,0,0
2055,1398,129,157,146,127,100,64,73,82,117,120,93,55,44,38,23,12,14,6
829,439,46,37,33,29,25,28,38,25,20,14,33,28,24,23,10,7,10,9
573,484,67,31,25,30,31,53,52,38,23,23,21,28,25,17,6,..,4,9
689,1329,119,123,126,95,68,47,88,96,120,104,78,42,54,61,38,29,27,16
1155,676,101,88,68,23,25,22,55,55,67,27,24,12,25,42,24,12,6,..
722,1089,71,84,106,91,70,54,57,61,84,84,63,62,59,52,41,18,10,21
2029,794,71,92,84,51,46,34,38,52,62,60,48,30,34,32,16,16,15,14
606,1331,97,140,136,132,81,50,53,82,90,107,106,54,50,50,53,16,17,18
3599,609,83,80,86,69,38,19,50,35,34,27,12,6,16,37,14,..,0,0
776,477,53,50,47,19,38,38,45,30,26,18,17,20,23,28,15,..,6,..
822,896,85,110,82,58,58,42,71,71,64,45,60,34,33,29,21,10,16,7
2054,471,48,38,40,31,33,38,25,28,32,27,35,23,16,14,14,9,8,9
4019,299,55,32,13,73,23,15,26,23,17,8,9,..,..,..,0,0,0,..
607,985,77,60,70,406,50,53,34,27,37,29,23,18,28,35,25,4,4,7
731,795,47,87,85,67,50,26,35,45,76,47,52,32,39,41,53,5,6,..
3614,166,16,24,15,9,12,..,7,14,13,11,8,..,6,11,9,..,..,0
382,1403,116,130,121,79,67,61,77,117,117,122,68,69,61,65,54,21,21,36
164,383,30,33,30,35,26,24,28,19,26,31,19,12,27,12,12,9,7,4
2044,360,49,33,25,25,20,22,31,29,15,25,7,17,12,14,11,9,10,4
2030,618,73,47,49,52,56,46,47,32,40,24,40,36,19,18,9,8,9,13
1174,862,56,87,100,80,75,50,25,35,66,66,51,66,38,25,19,16,..,4
1205,459,58,36,38,28,28,39,23,51,32,16,30,23,35,16,..,..,..,..
742,1215,119,107,106,105,95,70,85,81,72,77,77,71,46,40,33,13,9,9
748,859,82,82,100,69,63,56,47,49,72,76,43,27,30,30,9,11,8,4
570,963,76,88,101,80,62,57,56,54,64,80,53,47,51,41,30,12,7,5
4008,557,73,75,42,23,21,37,48,47,58,16,18,21,18,52,8,..,0,0
230,864,88,69,67,47,44,42,46,53,60,67,39,39,35,40,43,37,25,24
757,1363,144,113,89,92,97,104,105,87,68,66,80,84,69,71,41,21,13,18
843,412,22,26,21,37,36,43,37,12,17,28,29,36,28,13,..,10,8,7
97,662,38,42,59,62,70,43,25,23,36,38,49,51,31,30,26,19,12,8
765,722,46,76,73,69,59,25,24,42,58,62,58,23,29,25,21,19,6,7
3605,184,25,21,16,11,9,..,10,12,21,12,4,..,4,15,15,6,0,0
670,556,60,68,44,29,18,35,32,45,52,35,15,24,26,34,20,7,4,7
732,810,88,80,70,54,53,50,64,56,56,37,46,38,45,38,17,7,9,..
729,1047,88,97,75,70,55,53,62,68,69,77,78,45,42,39,64,27,16,21
425,1059,65,85,140,122,70,31,39,37,70,120,98,55,33,38,17,14,11,13
791,1064,93,99,99,87,79,68,70,53,75,56,59,74,39,36,24,17,20,16
4551,632,65,78,69,45,17,31,29,56,61,44,24,23,33,31,18,..,..,..
1124,447,33,31,30,33,26,24,29,31,20,32,25,20,12,41,48,13,0,0
396,996,68,104,72,71,79,50,79,65,75,58,59,58,58,44,24,18,10,4
80,930,102,98,76,69,53,41,53,63,81,47,32,48,40,46,28,12,13,28
4304,965,124,133,121,142,65,51,46,62,68,26,12,18,22,40,24,5,4,..
55,583,60,57,50,37,29,39,21,49,43,35,29,23,20,30,19,12,16,15
1366,1267,174,185,152,401,120,44,44,45,41,28,11,12,9,..,0,0,0,0
4303,110,13,7,6,5,..,..,13,11,6,6,..,4,11,15,7,..,0,0
686,1155,90,71,86,72,79,73,74,66,84,85,75,64,73,72,43,17,17,16
858,1348,133,123,142,119,75,54,56,91,86,135,87,46,47,49,45,30,17,14
827,677,54,68,85,51,34,20,36,46,56,62,34,20,30,35,27,13,5,..
1071,849,80,91,94,59,33,43,79,62,67,47,42,34,44,33,16,14,9,4
15,355,28,34,33,25,22,18,25,20,28,20,21,19,13,15,13,12,6,4
59,1484,131,224,271,180,96,56,60,77,158,112,42,26,23,20,4,..,..,0
2045,717,83,86,62,40,42,38,46,57,62,38,31,38,29,33,15,8,6,5
449,1788,186,160,144,435,97,112,115,78,60,80,43,42,45,68,52,21,23,27
809,570,55,69,50,42,31,40,35,41,27,37,28,22,26,28,18,8,..,9
1147,306,27,33,20,21,15,18,11,23,19,16,21,16,8,9,25,18,5,0
4014,713,71,86,103,219,23,26,28,47,53,26,11,12,..,0,..,0,..,0
174,637,39,55,61,59,63,30,18,21,46,69,54,36,23,11,22,11,11,8
1280,286,31,28,32,8,25,22,22,23,15,18,22,17,18,5,0,0,0,..
851,1115,91,116,94,87,84,55,56,78,99,66,84,67,55,30,17,4,15,16
553,726,40,51,77,67,79,40,20,32,28,47,70,48,45,19,..,..,24,34
11,548,38,55,53,46,30,37,24,35,40,38,27,25,24,25,26,12,6,7
165,724,50,91,101,79,26,14,46,37,92,57,15,17,14,26,27,16,10,5
699,877,81,101,81,91,54,33,33,50,71,64,47,27,39,44,32,13,11,6
2047,592,61,44,53,41,42,42,29,44,52,29,31,26,34,28,17,9,4,5
2048,686,81,89,74,63,42,23,31,56,44,56,30,29,15,15,13,7,10,8
331,1286,112,130,112,95,86,51,52,72,109,87,72,51,45,66,54,33,36,22
825,1414,132,207,190,139,65,51,61,114,132,108,63,38,35,36,18,15,..,8
3713,165,35,10,4,4,7,24,25,14,4,..,0,9,23,..,..,0,0,..
1372,498,91,85,56,20,14,32,57,30,34,12,6,15,14,23,6,..,0,0
3555,212,25,25,13,..,14,15,21,21,20,5,..,4,13,28,4,0,0,0
1242,891,81,86,94,81,42,36,40,63,76,89,41,36,15,32,49,26,5,..
792,477,35,44,28,33,27,29,37,35,30,19,30,30,26,36,12,8,7,9
2046,717,62,83,62,62,49,24,44,45,58,54,37,23,28,29,29,14,8,6
3567,1331,176,270,127,69,53,28,43,141,147,94,46,32,29,31,28,10,..,..
610,1102,109,105,85,43,58,62,66,89,87,76,58,67,74,58,32,13,11,8
892,668,69,67,48,34,38,63,58,52,42,28,37,38,36,19,11,12,12,4
794,528,63,54,50,37,31,27,39,42,37,28,27,21,18,19,16,13,..,..
2035,515,30,49,54,87,32,17,10,33,37,35,28,17,24,28,17,7,6,5
826,429,41,37,27,19,28,21,24,31,22,23,39,35,31,13,9,6,11,12
737,1131,99,123,81,86,80,59,53,79,76,95,67,75,58,48,25,9,8,10
810,651,61,68,54,30,44,39,42,54,50,38,37,37,32,26,15,9,10,5
32,653,65,51,37,107,73,30,37,36,28,25,31,44,26,11,11,11,16,16
837,904,68,120,107,75,49,46,46,62,76,68,35,37,39,24,12,14,17,8
711,1227,108,135,121,103,89,59,88,76,101,81,59,48,56,47,25,9,13,7
817,1495,165,156,101,116,121,101,121,101,84,75,80,88,66,37,25,24,17,17
1175,392,32,44,54,43,20,16,21,19,36,33,24,14,29,6,..,0,0,0
687,1150,77,112,140,141,72,46,54,55,82,130,82,50,46,25,17,5,8,7
1240,1146,79,142,148,108,65,29,50,63,109,134,55,12,17,39,66,22,..,..
157,1504,94,138,178,158,101,43,55,73,110,159,103,61,57,59,37,34,26,19
806,742,40,70,85,89,58,23,29,26,52,61,63,22,9,11,50,47,8,..
813,1137,129,131,111,79,62,59,91,87,83,56,60,59,52,43,17,5,10,..
223,546,48,41,47,40,34,30,43,26,47,41,32,26,28,22,14,12,6,9
1251,195,15,15,25,8,17,10,12,15,12,14,10,10,23,8,..,0,0,0
688,712,73,76,69,79,61,55,33,28,43,45,42,29,18,19,14,9,8,9
779,1086,120,96,73,62,66,57,92,90,83,75,51,37,42,48,37,30,14,14
318,209,18,22,21,14,12,12,10,13,16,9,12,16,7,5,7,8,6,..
773,739,57,64,73,61,55,32,33,65,58,49,62,37,34,34,15,5,0,4
708,772,75,77,69,47,43,47,60,51,50,41,36,47,43,44,14,8,12,8
593,1147,90,129,120,84,63,42,72,74,84,100,63,43,47,51,47,23,11,..
1151,501,52,40,39,62,36,18,38,35,36,12,23,33,17,49,11,0,0,0
750,520,44,43,42,44,40,37,37,31,30,27,36,28,18,28,10,10,8,5
838,841,71,64,70,64,69,50,52,55,63,48,61,33,52,26,21,19,12,13
767,1275,123,115,114,111,113,80,80,64,80,75,84,80,65,37,19,11,11,15
749,947,100,108,69,63,80,69,81,57,43,34,55,47,45,33,26,17,11,10
2059,562,47,63,53,36,27,45,36,41,46,32,25,24,22,29,9,12,11,4
3615,304,43,36,23,11,9,15,33,24,24,12,..,..,20,32,14,..,0,0
281,535,61,38,41,30,36,40,32,29,31,27,23,35,25,13,11,14,16,33
2053,322,33,27,22,20,21,21,27,17,14,16,24,18,16,14,4,10,12,7
1231,246,23,30,21,15,17,7,15,28,22,16,6,6,5,14,16,4,0,..
839,841,79,82,66,61,53,50,55,61,54,41,55,54,42,38,15,19,13,..
198,1287,59,103,163,120,86,42,35,67,81,126,116,69,51,45,54,31,19,20
1150,451,52,49,18,24,30,39,34,53,14,11,29,27,41,25,4,..,0,0
774,360,37,26,26,30,30,27,31,14,24,14,21,24,16,16,5,4,8,5
613,972,82,113,140,102,66,36,52,56,46,58,54,41,43,38,23,12,7,..
796,1044,125,96,91,60,71,72,73,78,71,63,46,43,41,39,22,16,12,26
594,971,154,142,117,66,35,30,80,67,83,59,24,7,15,43,27,11,4,6
1079,402,28,40,38,24,22,21,30,35,31,28,22,24,20,16,12,6,4,0
612,1097,97,98,104,90,92,68,57,78,69,78,64,54,44,38,25,16,13,12
4025,499,67,52,38,28,25,31,37,53,28,23,22,21,49,20,..,..,0,..
615,1607,98,158,169,170,123,50,51,80,114,134,128,78,54,59,59,34,30,17
766,559,68,80,97,118,32,15,15,26,19,14,12,12,13,16,10,6,..,5
414,643,63,105,76,43,17,22,36,55,77,50,18,21,15,16,16,6,..,..
2051,551,56,44,38,34,40,40,37,33,36,21,34,34,25,24,17,16,12,9
2016,444,43,46,56,46,34,18,30,22,31,29,22,12,15,9,15,7,7,..
3619,175,10,9,13,16,11,10,19,9,10,13,..,6,23,8,12,..,0,0
854,401,32,22,31,42,31,37,24,17,15,31,21,20,23,18,13,11,6,7
616,1205,124,148,124,56,62,44,61,107,107,96,44,45,48,53,32,17,22,13
1069,978,58,102,119,110,73,30,21,38,68,94,98,45,9,6,16,58,35,0
4702,552,55,54,60,34,17,18,14,43,52,51,27,10,13,45,48,9,..,0
735,749,45,75,74,64,60,30,32,39,69,62,49,43,25,19,18,22,17,6
372,546,29,36,58,46,46,29,14,21,35,52,52,19,18,14,29,29,16,4
339,710,91,87,61,53,30,28,34,52,68,39,28,21,26,37,35,11,4,5
460,660,58,64,64,45,37,24,42,43,44,56,35,25,28,41,38,12,..,..
789,703,77,71,63,53,53,36,39,54,54,40,33,31,26,22,20,11,13,8
247,1458,116,160,139,103,82,53,73,115,112,136,75,66,58,48,51,35,21,14
324,668,59,60,57,41,51,48,46,42,55,39,39,20,30,27,31,13,7,..
1377,171,38,44,31,..,..,5,13,12,..,7,7,5,..,0,0,0,0,0
721,590,60,86,81,40,22,35,32,35,43,33,12,9,18,35,23,14,4,8
861,809,64,86,86,52,48,52,37,49,57,53,67,47,31,35,15,16,5,7
36,594,75,72,49,40,27,35,43,56,41,27,30,17,19,23,15,11,10,6
284,1478,95,131,161,146,102,42,56,93,113,142,96,66,44,56,63,36,16,20
142,1103,121,128,136,158,69,57,46,63,57,73,37,32,32,28,27,22,7,8
2008,687,45,51,71,115,52,36,30,35,56,39,37,32,33,22,18,10,5,..
18,760,78,88,80,48,40,36,59,56,50,48,29,27,48,29,5,5,9,26
1058,335,15,33,32,21,24,17,16,19,26,28,17,19,13,19,18,14,..,..
739,1571,182,172,132,134,135,107,100,95,72,89,76,78,87,43,32,12,14,12
2049,665,56,92,77,53,40,21,43,63,60,40,24,33,21,24,13,..,..,4
27,378,27,41,38,36,20,23,11,30,25,18,17,25,21,15,13,7,8,6
1223,358,25,43,41,25,26,26,13,18,33,27,30,17,8,15,10,..,..,0
2015,1019,82,107,85,88,49,47,50,66,91,102,68,41,46,35,27,25,5,5
2057,463,43,27,45,38,37,31,24,23,34,29,25,33,23,16,11,7,13,6
555,593,31,44,55,76,65,15,18,21,39,40,52,32,28,25,23,15,5,10
306,683,50,90,89,54,25,17,20,38,86,56,35,19,11,32,37,14,9,..
741,655,62,50,50,52,46,31,45,32,42,41,44,49,22,26,23,17,12,12
761,691,115,98,76,37,23,44,47,51,57,28,23,24,16,26,13,..,6,4
614,353,28,26,23,22,26,38,21,16,24,16,22,27,24,17,6,6,11,..
415,565,104,124,78,16,8,19,47,83,19,12,6,15,10,5,..,4,8,5
527,323,30,17,13,22,18,26,25,19,13,20,15,25,35,16,9,12,..,7
7,879,69,97,91,82,67,32,33,68,54,57,54,43,30,20,26,27,13,15
865,299,17,24,36,37,18,16,9,11,24,20,17,16,16,10,6,7,7,8
1165,771,62,95,75,69,38,36,24,55,56,74,51,31,29,21,28,19,7,..
873,503,45,41,42,35,41,32,41,35,28,29,21,33,22,23,7,13,7,9
4009,276,47,33,20,7,4,8,31,32,21,5,11,11,24,18,..,..,0,0
661,1907,150,187,208,213,124,67,74,112,143,199,174,75,69,45,19,25,16,7
692,920,125,128,114,68,42,45,59,66,80,47,27,31,20,40,20,..,..,..
846,427,63,41,28,31,15,25,30,32,24,16,25,29,24,20,10,7,5,..
1233,501,96,68,28,6,25,28,56,78,24,9,12,12,34,16,4,..,0,..
292,571,47,65,65,42,31,21,22,35,49,38,30,16,22,44,24,12,6,..
398,321,30,34,32,29,19,23,16,15,15,16,21,18,19,10,6,7,5,6
1045,293,38,35,18,9,15,30,23,22,19,7,16,12,17,16,9,6,..,..
2062,446,31,44,41,33,39,28,26,30,24,18,29,40,32,6,6,..,10,8
2061,653,64,91,68,60,39,38,37,48,48,49,26,30,13,16,6,4,7,8
3558,276,39,31,16,6,4,13,43,21,23,..,..,14,30,28,..,0,0,0
10,492,44,29,31,78,53,35,22,12,18,28,31,38,22,13,13,12,9,5
103,1504,115,173,184,136,106,70,71,82,110,150,82,64,59,30,24,14,11,25
1051,302,23,30,27,17,15,19,24,26,21,18,11,7,9,26,26,4,0,0
2003,945,79,109,80,65,62,62,47,64,63,83,50,53,54,34,18,8,9,6
2050,529,53,58,44,32,40,33,43,40,27,20,26,26,33,22,15,9,6,..
1237,329,25,34,29,25,16,12,27,24,21,25,14,19,19,24,6,5,0,4
727,997,90,112,73,77,77,43,72,66,90,54,50,53,35,44,27,15,8,11
814,929,100,109,108,74,68,59,59,59,48,40,42,41,37,32,15,13,17,10
2002,830,61,65,73,62,59,47,42,59,42,63,54,61,43,40,19,17,13,11
752,629,75,64,56,29,45,29,42,44,42,35,32,21,37,23,28,17,8,..
665,722,91,97,73,48,29,38,56,58,44,53,21,17,26,26,20,6,11,6
778,945,97,107,110,83,65,43,51,67,82,61,43,33,37,23,11,13,15,5
4010,155,33,18,5,..,..,13,14,26,4,..,..,5,18,7,0,0,0,..
1294,574,79,92,101,67,42,25,12,25,32,38,28,22,8,0,..,0,..,0
429,992,49,89,137,132,78,29,25,31,70,114,85,36,35,51,18,4,4,6
4017,457,51,62,68,97,21,25,28,28,24,6,18,15,12,..,0,0,0,..
23,263,36,33,22,14,27,18,19,20,19,10,8,7,11,7,7,4,..,0
877,916,68,82,93,76,55,36,49,50,75,68,66,44,35,36,42,10,12,17
592,903,119,140,112,75,49,30,33,65,67,61,36,20,26,14,10,14,18,15
386,1171,61,59,63,46,56,36,36,38,56,51,48,65,69,53,33,53,118,230
675,369,32,40,32,20,15,12,14,26,35,30,18,14,21,27,18,..,..,8
1134,299,26,37,31,18,32,15,21,25,23,18,14,4,8,13,4,..,5,..
1112,908,105,133,97,72,46,33,49,79,75,64,43,22,18,34,19,11,7,..
4007,745,91,89,92,133,54,37,42,54,39,31,17,22,22,23,0,0,0,0
3607,358,62,57,49,31,18,18,31,27,12,15,8,9,12,..,..,..,..,4
440,924,131,120,107,150,182,23,38,52,35,12,11,4,11,21,9,7,..,9
707,708,37,68,84,77,47,28,25,31,53,76,54,35,31,33,17,4,..,8
255,619,29,46,62,76,54,37,25,23,51,48,44,38,30,23,22,6,4,..
3656,437,76,69,51,18,45,38,26,32,13,10,16,12,23,5,..,0,..,0
771,965,99,129,114,69,51,30,54,71,69,79,44,36,29,33,22,12,13,10
269,1068,78,103,118,118,88,34,30,55,73,101,78,37,33,40,35,24,9,13
1128,366,30,56,40,17,13,15,10,36,42,20,11,14,20,36,7,0,0,..
3657,595,115,109,78,16,77,40,43,48,19,5,10,30,4,..,0,0,0,0
3745,550,92,77,46,61,54,43,56,21,18,8,11,26,18,14,..,..,0,0
620,697,83,83,55,38,44,55,51,38,20,33,22,28,37,45,19,6,..,36
3648,891,102,102,123,223,52,30,40,44,38,32,19,16,13,23,26,..,5,0
405,997,79,96,132,66,54,34,68,61,84,76,42,33,52,51,40,18,6,5
447,1950,133,107,109,64,96,104,94,96,88,73,71,100,127,119,109,83,131,246
720,1396,156,174,194,241,56,62,62,88,101,58,42,30,38,29,12,..,18,31
769,985,104,91,51,334,70,75,53,54,35,15,17,20,18,19,11,4,..,10
1148,313,27,29,25,20,13,6,19,26,27,37,9,5,10,25,30,4,0,0
4006,799,106,124,114,71,76,41,46,58,31,26,12,22,35,23,11,..,0,..
390,1096,74,76,94,78,80,51,44,61,80,59,60,45,48,84,84,24,18,36
3568,330,50,42,26,17,19,9,23,34,30,15,24,15,16,..,4,..,0,0
4701,705,75,82,87,106,45,31,40,37,39,30,26,28,14,31,27,8,0,0
1260,537,133,135,79,4,0,8,60,99,18,..,0,0,0,..,0,0,0,0
282,1205,105,125,127,102,49,44,70,73,111,101,60,37,46,49,31,28,22,25
3578,666,91,93,98,51,56,38,42,47,30,20,25,25,15,23,5,..,..,4
456,1247,60,67,50,43,57,36,50,46,53,45,44,58,44,57,58,131,163,186
1235,517,43,58,43,50,38,24,19,35,39,42,25,24,29,29,13,..,..,..
163,777,56,46,51,82,75,52,38,36,34,49,70,58,43,37,13,7,10,20
3719,445,91,83,56,26,38,19,46,28,16,16,8,7,9,..,0,0,0,..
744,818,43,63,93,108,78,39,29,23,58,82,64,38,38,26,12,6,14,4
1068,216,16,19,18,10,5,5,9,14,23,18,11,15,19,17,6,8,..,..
67,769,84,79,72,49,33,40,61,59,70,42,34,32,31,32,19,..,15,15
4013,343,40,41,22,26,27,22,31,23,33,11,19,27,15,6,..,0,0,0
403,502,30,32,28,32,61,24,24,38,25,18,17,29,25,34,28,25,15,17
278,533,56,49,29,24,23,37,33,42,31,31,39,18,26,15,29,18,13,20
716,534,63,60,43,17,30,30,40,48,39,23,18,28,42,23,27,..,0,0
77,1134,77,96,114,74,60,47,60,77,73,96,54,45,40,51,52,61,35,22
294,1031,75,103,98,92,58,47,33,64,77,93,70,34,47,44,42,29,10,14
1126,315,30,30,11,24,29,17,29,30,21,8,10,12,14,30,18,..,0,..
4003,398,35,36,34,22,21,27,23,24,33,24,19,22,31,31,10,0,..,..
330,405,64,51,34,22,16,12,26,34,38,20,17,9,23,25,8,..,..,4
285,515,59,51,34,27,16,21,38,39,37,21,21,17,27,42,33,21,..,8
1248,150,14,17,23,9,14,6,7,9,14,13,11,10,..,0,..,0,..,..
3556,254,31,31,31,10,16,19,15,24,26,15,8,16,9,..,0,..,0,0
4301,345,34,49,24,17,16,25,20,25,32,12,13,19,28,22,8,0,0,0
176,1511,93,117,108,75,103,94,78,85,102,97,67,66,52,85,105,73,56,54
313,713,70,100,61,39,30,17,31,74,63,57,26,13,22,38,42,18,6,6
714,557,46,54,41,19,40,40,59,45,43,30,18,29,18,16,23,18,8,11
1276,126,23,13,0,24,0,0,18,27,20,0,0,0,0,0,0,0,0,0
199,1003,78,127,104,73,52,50,45,72,97,71,38,37,34,42,42,22,10,9
188,545,38,51,50,30,27,30,25,36,46,44,26,21,31,20,29,21,13,7
450,414,53,31,28,21,28,46,24,21,14,20,19,13,19,19,19,12,19,9
399,1049,106,102,84,49,62,56,84,73,67,53,52,36,62,55,44,19,17,27
2043,1084,74,156,221,95,32,18,24,54,131,109,56,28,16,14,23,11,13,9
317,507,66,47,27,17,24,30,58,53,39,23,34,23,28,9,11,7,7,4
95,1075,70,69,86,100,105,113,55,43,44,47,45,45,43,60,44,40,43,22
619,435,25,50,53,58,34,16,12,17,39,40,24,18,12,9,13,8,4,..
572,578,63,56,35,28,27,31,35,40,41,17,26,32,27,30,29,22,22,20
3645,350,65,61,38,21,5,33,38,34,27,17,7,0,..,..,0,0,0,0
242,1263,92,145,117,74,64,52,44,70,117,83,69,51,35,56,91,59,32,9
143,578,38,39,41,27,46,32,36,42,38,30,27,17,32,31,33,21,24,25
16,609,37,58,83,66,48,20,14,25,49,51,50,32,12,16,14,22,10,..
598,1405,99,155,221,173,78,18,62,80,137,167,83,39,25,24,21,9,4,10
365,712,54,109,94,31,27,18,22,56,85,53,40,23,22,14,18,19,20,7
1162,876,155,180,123,52,42,28,77,85,37,30,14,13,27,9,..,..,0,0
428,954,70,88,82,56,60,60,62,62,73,67,47,57,32,26,20,28,34,32
667,594,46,45,51,51,32,27,28,34,32,43,29,33,27,28,13,26,15,34
617,553,39,52,58,32,32,30,24,29,57,37,33,23,30,27,11,12,9,18
352,358,32,35,36,17,11,21,21,33,34,14,16,25,13,9,16,8,11,5
424,621,49,68,51,49,45,53,20,40,51,50,39,30,17,11,11,13,17,6
86,618,48,49,43,42,59,39,30,26,31,32,38,30,30,32,36,24,9,21
870,870,86,72,56,35,42,42,50,74,73,75,45,35,34,37,54,28,19,12
2018,1176,110,125,101,71,39,43,62,82,104,76,63,37,41,61,73,42,29,16
173,1020,75,89,81,59,47,41,51,71,80,84,42,33,38,65,65,56,30,16
703,464,28,32,31,30,26,31,19,24,27,30,26,32,26,17,10,21,33,22
342,466,63,59,36,26,19,18,33,60,31,28,20,15,13,19,13,9,..,4
133,933,91,93,95,50,32,25,48,67,72,86,33,30,34,51,51,33,25,17
35,434,48,41,25,19,25,18,33,30,38,17,17,16,22,30,20,14,13,7
852,364,25,38,37,25,14,13,13,23,24,28,24,10,14,23,21,14,13,5
457,743,72,70,47,47,38,29,45,54,50,46,26,28,45,32,51,29,..,30
370,287,25,24,13,18,21,20,24,23,21,8,12,16,27,24,6,..,..,..
262,585,41,49,44,26,18,26,33,33,49,36,21,17,27,47,36,41,25,16
92,702,61,68,59,44,39,31,30,45,62,47,33,37,31,26,26,14,16,33
393,582,61,88,41,60,24,16,29,57,47,32,24,12,13,23,27,14,7,8
3606,203,22,13,8,12,25,21,24,7,11,6,5,34,7,4,..,..,..,0
346,533,67,55,31,23,19,26,53,55,40,19,23,21,11,35,14,12,8,21
369,492,56,57,42,23,18,29,31,31,45,29,13,25,20,25,29,12,4,..
144,578,69,67,49,31,18,18,35,53,44,38,26,17,27,20,33,11,11,11
72,933,85,78,69,45,41,47,65,63,63,58,37,35,46,44,53,40,32,31
842,819,70,85,47,38,39,47,57,65,86,31,36,29,52,40,36,19,13,29
463,692,57,91,67,37,21,36,36,58,76,41,25,20,35,29,23,8,17,13
1129,249,18,19,17,10,19,21,13,15,21,14,16,16,21,18,8,..,0,0
4022,280,25,28,25,15,24,19,23,17,18,19,22,16,20,9,0,0,0,0
305,428,41,26,16,8,29,40,30,29,24,12,17,17,22,47,29,9,7,25
574,1614,79,137,190,179,129,54,49,62,115,179,122,90,80,63,37,23,7,19
340,869,72,120,93,53,30,23,31,74,90,61,46,21,23,31,30,24,21,25
849,1007,102,145,109,59,57,43,52,75,100,77,45,34,24,38,10,18,8,12
407,493,67,60,50,30,13,12,34,43,42,30,19,12,16,15,16,10,6,19
62,528,50,41,28,32,21,23,40,34,39,23,29,23,21,32,37,27,13,14
79,674,48,49,70,63,37,31,22,31,52,42,47,35,17,28,41,29,17,14
336,843,90,96,61,23,22,44,75,98,80,35,17,25,24,54,25,35,9,29
300,815,68,89,59,45,28,38,38,71,68,44,28,25,37,43,53,38,20,24
303,745,84,79,41,27,32,47,67,62,75,27,25,18,25,37,37,27,25,9
302,962,80,77,76,66,40,50,79,50,67,70,37,23,21,55,78,48,29,14
702,181,14,..,9,5,16,19,18,9,12,11,4,9,8,13,12,11,5,..
356,820,83,63,59,37,53,53,65,62,59,34,41,50,31,39,21,27,20,23
250,914,69,77,58,61,53,57,50,63,53,45,38,33,43,44,67,49,30,24
434,858,105,101,61,36,31,34,49,100,73,58,34,21,35,45,51,11,..,11
377,869,72,89,109,73,42,24,33,57,71,78,60,26,22,43,23,21,7,17
677,932,74,78,79,77,75,52,43,44,54,71,85,58,62,33,17,15,11,4
423,922,80,92,73,29,31,46,50,83,91,67,31,21,47,56,51,33,14,28
1261,198,46,31,7,..,8,8,35,19,11,9,..,9,8,..,0,0,0,..
464,264,17,35,36,17,15,14,10,12,28,25,10,22,15,..,..,..,..,..
1249,1095,76,88,133,137,83,66,68,62,77,62,77,79,64,15,..,..,0,..
584,852,82,79,80,46,39,59,57,60,84,43,49,35,43,25,25,13,24,8
160,1163,129,176,139,97,27,11,46,98,139,110,46,26,29,34,25,13,16,..
1239,169,21,11,15,10,4,21,17,15,9,13,7,13,8,..,0,..,0,0
253,701,76,94,60,22,32,40,39,62,55,38,23,26,22,43,27,18,4,18
374,612,66,86,73,41,23,22,29,38,49,58,31,16,19,19,15,7,10,11
355,335,31,24,22,20,17,24,25,22,16,26,17,18,15,22,12,10,13,0
343,381,31,35,34,17,16,20,21,31,32,19,11,15,11,21,11,22,21,14
280,756,53,68,80,60,56,23,37,36,58,60,46,29,32,30,27,32,15,14
1257,983,106,150,146,103,47,17,36,82,99,81,38,22,18,15,11,4,5,..
363,558,102,83,67,30,28,24,45,39,24,27,9,19,13,20,16,7,..,5
90,732,63,81,71,42,34,30,31,64,62,53,25,28,28,29,25,21,26,21
406,653,78,69,50,51,21,20,39,63,47,37,21,16,32,33,36,21,..,16
397,852,75,71,64,46,62,54,54,51,47,53,40,40,41,42,54,33,8,16
268,901,88,137,95,164,45,38,47,46,54,30,14,15,25,31,30,20,12,12
1177,543,55,73,75,60,34,13,28,50,40,63,26,15,9,0,..,..,0,0
96,1617,142,139,111,97,94,94,115,118,126,98,66,57,50,80,83,67,42,40
758,968,97,150,128,51,26,15,35,81,152,73,42,14,30,31,25,7,..,6
358,737,58,51,47,47,22,45,66,52,58,46,33,18,39,45,35,40,7,30
1158,218,29,25,20,5,6,8,21,23,14,14,11,12,26,4,..,0,0,0
452,553,32,67,49,35,34,27,19,24,47,34,27,23,15,20,30,34,24,12
409,729,54,91,99,50,25,25,24,41,94,67,21,12,25,28,32,14,11,14
866,717,44,60,62,44,70,46,25,35,52,49,49,47,16,23,30,36,27,4
575,867,81,127,110,55,25,22,32,70,104,67,36,26,27,20,24,0,15,28
134,1208,90,138,126,78,72,46,46,90,86,98,87,38,32,42,55,37,35,11
453,569,55,49,52,27,23,29,37,46,41,31,30,21,34,26,35,14,9,9
417,770,80,75,50,42,33,36,50,71,66,64,27,15,39,40,31,17,10,23
623,404,35,42,32,24,24,23,25,25,30,15,18,19,17,26,14,22,4,11
576,1054,79,110,88,65,51,40,56,68,82,84,58,42,54,53,53,32,20,20
840,279,23,21,10,28,39,17,21,11,14,16,10,14,12,10,12,4,6,11
1153,188,0,..,0,0,6,10,10,32,31,25,25,19,9,12,..,..,..,0
57,689,55,62,50,54,46,31,40,38,53,34,38,34,21,24,39,21,24,24
357,766,69,93,80,47,25,21,46,54,67,60,34,13,23,39,46,33,6,7
310,338,46,38,18,15,8,11,24,32,22,25,13,14,15,15,20,13,6,..
76,673,45,65,47,45,35,33,33,44,42,45,49,19,17,22,59,38,17,18
192,699,85,84,45,31,22,32,53,66,50,44,16,29,40,43,31,10,6,11
254,386,35,36,34,18,23,18,22,34,22,28,14,17,16,16,21,12,8,11
443,876,74,66,46,44,42,60,43,58,52,44,49,36,55,56,44,23,30,53
4004,434,45,39,29,27,37,35,36,31,21,20,25,32,28,20,6,..,0,..
274,1366,71,173,216,133,81,25,25,50,141,153,103,42,18,26,43,26,22,17
297,868,74,68,61,59,77,53,53,44,55,63,37,29,31,39,58,28,19,21
345,674,78,67,39,27,30,41,73,54,70,27,27,18,18,24,31,21,20,9
845,720,58,45,40,45,57,68,69,50,34,38,34,34,47,35,33,17,16,0
3488,1156,113,124,111,356,52,37,66,58,55,57,14,17,18,27,39,6,..,..
579,1363,76,123,156,135,94,59,54,63,78,144,100,56,71,44,32,36,22,20
295,531,51,51,46,74,35,19,32,35,38,26,14,16,25,26,25,13,5,..
1085,183,28,18,16,20,19,20,7,11,8,15,11,5,4,0,0,0,0,0
768,650,67,72,61,70,32,28,44,57,54,35,23,30,17,14,11,8,24,..
1198,489,71,73,62,74,20,8,30,56,29,26,18,16,4,0,0,0,..,0
585,627,56,56,69,65,69,51,37,20,24,29,21,22,20,30,25,10,13,12
2023,567,44,75,46,37,53,21,23,40,44,38,28,17,31,10,20,12,16,12
380,915,56,78,99,87,60,37,55,46,60,69,73,41,39,29,18,19,16,34
715,1021,75,145,126,88,36,31,46,64,103,123,56,31,34,17,11,10,15,9
595,705,89,84,49,15,26,33,68,65,59,30,25,22,37,61,29,0,5,9
1171,782,63,104,95,73,42,44,22,39,81,67,52,36,26,16,10,5,4,..
1255,177,20,12,13,10,18,6,19,17,11,10,12,21,4,0,0,0,..,..
4204,459,61,60,33,19,12,13,31,51,36,23,21,17,23,33,21,5,0,..
3561,575,75,26,41,98,151,59,28,22,14,7,18,16,18,..,0,0,0,0
586,847,35,100,118,85,63,24,17,32,65,95,59,34,32,25,17,8,21,18
375,1139,80,131,149,112,51,25,36,55,112,134,68,31,31,43,34,30,10,6
695,532,46,41,31,38,34,26,36,44,25,36,18,28,24,33,22,15,17,16
1163,452,38,39,37,44,26,21,30,27,30,36,25,18,35,19,16,7,..,..
104,757,78,57,39,46,37,26,38,45,50,29,40,30,30,34,49,37,34,57
308,818,69,96,90,57,30,39,48,54,65,62,36,29,30,37,18,30,9,19
1282,723,94,123,121,68,55,29,42,34,52,30,32,35,4,..,..,..,..,0
596,462,30,35,51,30,24,23,18,26,39,31,21,22,16,21,18,19,20,16
347,248,32,12,11,..,13,16,38,24,8,7,9,10,12,12,13,6,15,8
263,360,36,35,10,20,17,26,31,35,18,24,16,12,16,21,17,14,8,..
298,433,36,34,14,9,14,29,23,35,41,14,18,21,14,21,42,38,18,12
197,986,100,82,66,59,36,36,58,83,78,67,40,50,28,46,64,34,34,26
678,380,39,39,11,17,16,31,47,34,30,10,12,22,26,22,12,4,..,7
272,469,28,29,26,31,40,33,28,31,24,24,20,30,18,24,26,29,14,12
416,767,59,60,37,142,39,61,53,49,40,38,35,26,33,42,25,17,4,7
290,749,68,56,72,45,29,41,42,57,54,42,37,33,26,55,41,30,11,11
1127,840,119,134,113,78,83,26,53,80,60,19,14,6,21,28,6,0,0,0
286,793,97,118,81,22,19,27,62,74,85,54,30,15,32,27,17,11,8,16
344,812,92,89,68,39,34,32,49,79,79,44,33,31,36,42,32,17,6,10
668,1024,67,97,83,81,65,88,70,65,57,58,69,61,35,44,14,30,14,24
325,1165,73,128,167,112,59,52,38,62,139,96,74,41,39,31,21,24,4,6
3610,207,14,11,12,20,28,16,14,12,11,10,19,20,18,0,0,..,0,0
648,383,24,32,19,20,20,26,27,24,25,22,20,20,31,16,33,6,..,17
4101,743,58,65,73,71,52,43,37,46,49,54,58,39,23,31,25,16,4,..
66,1247,81,147,126,93,72,39,63,84,99,128,50,44,41,54,49,27,30,22
421,481,50,37,30,19,36,29,43,30,26,19,25,30,23,26,17,15,6,19
378,339,34,15,19,26,10,42,41,25,20,13,19,17,9,15,9,13,7,4
563,949,117,167,139,63,16,18,24,78,123,95,36,11,31,20,6,..,..,0
395,1005,92,111,98,63,45,34,64,58,91,71,41,42,46,45,35,15,16,37
130,1271,119,105,92,63,94,78,72,92,85,79,57,71,53,58,45,34,39,36
194,617,72,88,41,26,22,22,22,70,47,38,25,19,21,30,23,28,10,11
213,1024,82,169,142,68,34,23,32,73,132,112,49,26,16,22,24,9,6,6
408,620,72,64,46,19,18,36,55,68,34,36,17,23,22,26,34,21,10,19
1197,227,19,16,14,9,21,14,28,12,19,6,..,29,21,8,..,..,..,0
315,969,91,116,116,69,33,34,41,74,92,84,38,23,23,42,52,25,10,8
590,349,46,29,15,23,19,15,24,24,20,21,12,23,19,23,20,10,4,4
296,311,33,22,11,14,13,29,20,26,21,15,12,6,13,17,21,13,16,9
1279,114,8,9,9,8,12,14,8,7,..,12,7,9,4,..,..,0,0,0
312,232,25,18,19,15,9,10,17,20,22,16,7,13,..,11,18,..,..,..
844,423,47,36,35,17,17,41,34,37,31,31,11,15,13,10,13,10,21,5
433,687,72,78,50,42,27,33,35,68,50,42,39,28,31,20,30,14,12,15
777,589,54,60,38,41,31,26,40,55,32,39,32,30,23,19,28,13,9,19
705,405,38,46,33,29,18,15,23,30,33,35,20,13,19,14,20,6,6,7
359,421,50,44,17,17,12,18,36,31,24,14,16,17,27,31,20,29,7,10
808,555,56,60,70,17,23,17,24,34,69,45,21,17,22,31,16,10,15,8
256,729,60,71,65,48,43,33,35,34,63,44,37,28,32,31,53,26,20,6
402,630,48,45,30,33,60,59,41,39,28,20,22,40,55,49,14,5,5,36
69,387,53,48,23,14,15,16,27,32,20,18,19,13,10,14,36,17,11,..
348,611,75,60,44,18,28,51,55,45,49,22,31,27,15,23,27,13,10,17
602,360,31,25,31,24,21,19,21,24,30,16,20,16,21,15,12,7,10,16
158,1717,175,189,139,74,73,78,91,165,157,125,69,35,42,88,94,76,27,18
3620,101,18,13,5,0,0,0,17,31,10,..,0,..,..,0,..,0,0,0
435,882,134,109,58,41,17,32,66,86,86,61,24,15,29,50,34,18,10,12
693,654,51,51,54,54,42,36,35,30,35,51,56,49,24,13,17,25,17,14
578,416,43,27,24,26,20,20,29,28,21,21,26,23,24,20,31,10,12,10
1238,211,12,9,11,17,25,25,11,13,9,11,21,23,16,5,0,0,..,..
1156,279,9,19,23,22,40,24,19,14,19,8,28,20,26,4,..,0,0,..
419,854,80,102,100,94,78,42,41,49,41,39,27,20,16,31,13,14,37,29
454,858,57,112,101,82,40,19,35,52,89,79,45,33,33,24,16,13,6,22
376,847,94,68,68,53,35,46,68,60,62,55,33,21,35,59,46,24,10,11
273,676,81,53,27,33,39,49,41,63,40,23,18,26,54,32,32,29,13,20
2042,610,28,37,33,96,52,36,41,31,41,26,28,27,21,24,30,34,23,..
436,1031,109,113,106,42,50,50,54,71,89,62,38,46,42,44,55,18,23,19
167,836,73,81,60,43,33,35,40,48,72,56,32,35,28,45,65,38,29,23
289,1249,92,102,91,88,65,51,72,75,84,93,66,44,42,52,99,51,59,24
383,604,70,67,56,59,30,43,44,40,25,23,19,16,26,28,16,17,8,16
270,861,57,65,70,47,67,54,55,57,50,58,40,26,30,41,50,42,34,17
676,361,32,20,19,15,20,28,63,40,19,14,16,9,14,13,9,6,10,15
4503,370,57,39,34,21,13,11,33,37,32,27,9,16,12,13,12,..,0,0
89,546,48,61,41,23,26,30,21,37,41,33,29,20,20,26,27,27,23,15
82,760,47,66,65,44,41,45,39,38,57,48,35,29,37,50,35,28,34,22
426,922,62,93,120,79,38,37,43,74,87,98,40,36,19,26,29,19,13,10
622,863,121,118,65,108,63,58,58,47,52,22,18,13,21,25,30,19,9,16
139,571,38,38,45,39,44,41,32,30,37,31,27,21,20,27,30,31,20,19
871,829,52,97,124,62,37,13,23,46,74,95,56,29,19,32,32,16,14,9
1146,510,60,51,41,53,40,42,39,21,30,13,12,28,14,30,33,0,..,..
385,439,34,34,25,28,25,38,24,27,21,22,23,24,30,29,16,13,11,15
319,584,52,47,35,34,39,34,44,33,32,36,34,20,22,40,41,18,11,12
1185,142,29,26,11,..,..,..,11,32,13,9,..,..,0,..,0,0,..,0
597,689,76,55,37,37,50,21,49,58,55,48,41,36,46,36,15,11,9,10
599,595,81,79,44,11,14,26,35,65,45,37,16,34,30,34,20,8,6,9
413,471,39,34,36,26,31,33,30,30,40,30,15,23,30,20,15,25,4,10
1213,274,42,39,24,18,10,13,27,25,25,21,9,8,5,4,..,0,0,0
465,625,49,59,42,34,42,57,47,31,42,30,27,36,33,20,27,21,14,14
567,930,71,76,73,41,56,44,62,59,66,75,35,38,42,42,41,43,21,43
334,964,84,80,69,190,75,66,44,44,37,29,40,29,40,34,49,19,21,15
1211,270,37,33,17,22,24,11,26,18,12,11,30,27,..,0,..,0,0,0
1052,471,32,43,39,27,48,31,32,31,27,21,24,27,47,29,6,..,..,..
3601,438,48,39,33,26,34,30,42,34,20,18,27,22,44,16,..,..,..,0
78,467,29,26,37,25,32,31,28,27,24,43,39,27,13,17,25,21,14,8
3602,933,136,174,166,48,53,26,47,89,80,43,21,7,20,15,7,..,..,0
564,813,56,91,93,95,45,24,29,52,63,77,41,41,26,24,21,5,5,25
354,1075,80,83,73,55,63,95,85,67,64,58,44,59,64,53,27,35,36,36
1225,114,20,10,..,12,4,0,10,33,16,6,0,..,0,0,0,0,0,0
444,480,53,60,44,27,13,13,29,40,45,38,16,14,23,21,16,10,..,15
362,689,50,69,63,61,24,26,44,54,52,54,18,9,23,35,32,30,17,28
445,1159,94,122,157,110,58,39,43,63,97,115,73,40,34,34,20,21,8,32
135,521,55,66,51,45,14,10,31,41,59,42,23,11,11,19,13,11,6,14
184,1130,100,121,117,60,46,38,67,98,99,97,47,22,24,64,65,36,19,12
335,1101,90,114,127,106,41,47,57,71,97,104,50,25,28,48,44,28,16,8
178,1012,114,85,70,63,59,66,72,86,69,55,49,37,33,40,44,28,17,22
127,545,59,58,39,25,29,23,36,61,40,26,23,22,26,28,22,9,..,17
713,409,36,32,31,33,25,17,21,32,24,29,25,16,23,20,16,12,7,10
437,1089,132,179,98,54,54,32,70,124,101,51,23,34,40,34,26,6,21,11
304,691,70,70,54,46,106,51,33,43,23,21,28,23,26,26,26,24,7,15
885,479,46,37,38,39,27,29,38,46,24,20,22,23,17,25,29,12,5,..
293,583,82,86,53,33,21,12,31,78,54,34,21,17,11,19,27,..,..,0
259,806,60,92,97,71,58,33,30,61,73,73,53,23,22,16,21,16,6,0
329,1235,95,142,131,105,75,67,53,74,105,99,79,49,48,31,30,26,11,13
327,1096,131,113,66,74,56,56,100,95,75,70,42,27,35,51,43,20,24,19
394,820,84,88,61,80,38,26,63,50,68,49,29,36,25,31,35,9,13,36
1265,825,127,154,145,117,32,31,48,52,39,15,16,20,13,8,5,0,0,..
439,451,71,42,25,14,23,33,42,37,9,7,13,22,29,28,15,14,8,21
366,922,65,83,76,77,57,56,63,46,57,59,68,49,41,35,25,29,25,13
432,580,57,71,43,18,19,37,26,50,47,36,14,25,23,43,30,6,12,24
1132,586,51,52,55,51,31,37,37,34,51,38,42,26,36,27,18,..,0,0
856,1928,210,221,229,513,212,86,57,72,94,97,49,23,12,8,16,13,13,6
264,543,34,32,30,39,31,26,24,21,36,37,27,21,19,32,42,36,30,26
237,738,70,58,49,23,38,30,38,46,54,45,37,25,29,22,50,40,35,49
232,1302,124,123,107,107,66,68,73,89,106,111,64,51,45,55,52,32,20,9
126,883,59,97,104,52,29,23,32,43,86,62,42,32,20,35,55,41,34,38
1172,319,20,32,30,36,24,17,9,19,19,31,16,29,17,7,7,..,..,..
84,560,46,65,69,23,22,23,34,32,54,40,16,24,17,31,22,21,7,13
287,1021,48,41,81,203,18,19,20,29,31,37,28,17,17,13,34,73,126,185
719,417,52,52,22,15,16,25,32,35,35,14,13,13,19,26,20,18,5,6
882,178,0,0,0,..,115,58,..,0,0,0,0,0,0,0,0,0,0,0
338,458,34,26,61,86,68,50,23,14,16,13,12,12,16,11,7,4,..,..
886,81,0,0,0,0,0,0,5,10,15,12,4,..,13,9,6,..,0,..
868,309,10,7,29,197,15,14,9,11,..,..,..,..,..,4,0,..,0,0
2021,356,5,12,65,170,15,8,17,14,7,7,9,11,9,7,0,0,0,0
1076,198,..,6,..,..,51,76,26,12,11,4,..,..,0,..,0,0,0,0
212,347,32,19,31,188,31,17,8,14,..,0,..,..,0,0,..,0,0,0
848,1018,150,54,38,294,198,204,55,6,4,..,4,6,4,0,0,0,0,0
1084,620,34,28,100,297,25,24,24,20,6,14,11,14,14,..,5,..,..,0
566,64,..,0,0,49,10,0,..,..,..,0,0,0,0,0,..,0,0,0
1322,324,21,16,35,207,12,10,10,..,..,..,..,..,0,..,0,0,0,0
1144,209,0,0,0,0,..,5,7,15,30,48,47,38,13,4,0,0,0,0
371,247,9,11,21,123,37,6,6,6,9,..,..,5,7,..,0,0,0,..
2006,439,18,8,62,290,4,11,15,15,..,..,..,..,4,4,0,0,0,0
427,389,12,19,64,187,21,12,13,14,21,12,8,..,..,..,..,0,0,0
890,222,19,7,23,121,8,9,10,4,5,..,..,5,4,0,..,0,0,0
1325,160,28,9,..,85,4,20,..,5,0,0,0,0,0,..,..,0,0,0
107,290,14,12,48,144,10,11,9,16,8,4,6,..,4,..,0,0,0,0
875,229,0,0,0,0,0,..,0,..,9,33,42,44,48,22,15,7,..,..
1094,534,95,41,27,55,197,57,25,13,5,6,..,..,..,4,..,..,0,0
102,297,9,13,30,164,12,12,10,9,9,8,..,5,5,5,0,0,..,0
1318,436,6,..,56,317,14,4,8,6,5,..,..,6,..,..,0,0,0,0
897,307,0,0,0,..,159,124,17,..,..,0,0,..,0,0,0,0,0,0
1154,214,0,0,..,109,37,19,13,16,7,6,..,..,0,..,0,0,0,0
22,389,19,15,9,199,16,16,15,23,9,19,12,7,10,7,6,6,0,..
926,253,0,0,0,0,0,..,..,..,4,..,9,17,11,20,41,36,39,69
1195,319,16,17,7,154,39,16,24,13,12,10,..,..,..,..,0,0,0,0
186,422,18,17,7,242,42,13,16,25,11,9,5,7,4,4,..,..,0,0
156,394,19,21,7,249,24,14,24,13,9,5,..,4,..,0,0,0,0,0
1056,173,7,..,26,94,10,10,5,9,..,..,..,0,..,..,0,0,0,0
2039,181,8,12,29,90,5,6,4,7,7,6,..,..,0,0,..,0,0,..
412,132,0,0,0,0,0,..,..,6,4,10,7,23,32,20,16,4,..,..
1341,53,0,0,0,0,..,4,10,20,7,5,..,..,..,0,..,0,0,0
921,574,0,0,0,..,21,27,35,42,44,51,70,79,86,62,33,7,9,8
400,1807,217,273,326,152,79,65,103,141,144,92,51,32,49,38,21,15,4,5
1108,387,34,34,34,27,29,17,20,32,30,23,30,19,19,18,10,6,6,..
1157,303,6,..,0,..,14,7,7,5,..,0,6,18,16,23,30,25,46,94
1145,537,85,60,53,55,61,40,33,19,11,15,24,35,24,18,4,..,0,0
1324,165,6,15,13,16,13,..,..,8,13,17,13,11,15,10,..,..,..,..
368,839,80,90,101,80,42,53,56,32,43,43,37,39,46,43,35,10,6,4
353,83,10,7,6,..,0,..,4,11,4,7,5,9,..,7,..,..,..,..
1323,760,54,73,70,84,74,46,37,29,44,63,52,49,50,21,9,4,..,0
1361,412,19,41,44,44,23,15,20,15,23,40,24,14,18,35,18,9,7,..
442,471,56,63,46,32,26,26,25,37,36,31,18,15,19,17,8,6,4,5
1219,177,20,8,4,9,7,20,22,12,11,..,12,9,23,10,..,4,0,..
196,369,37,34,32,23,15,13,16,21,35,28,20,8,12,26,21,15,7,7
1043,207,18,25,11,16,20,10,12,12,11,20,22,13,7,4,5,0,0,0
549,971,49,81,99,101,88,57,36,38,56,92,62,68,48,51,34,5,6,..
1103,339,31,24,31,23,27,24,18,21,12,29,21,20,23,14,7,..,7,5
218,242,14,15,15,17,13,14,11,6,15,17,22,11,19,18,13,8,8,8
128,326,33,38,16,20,15,13,25,23,25,30,10,9,16,17,19,4,..,10
1133,277,23,25,15,33,21,22,23,13,17,10,21,22,18,7,6,..,0,..
1110,616,76,72,68,63,40,33,31,50,47,40,36,28,11,10,7,..,..,..
115,774,41,48,66,68,55,35,30,40,41,60,61,33,37,40,33,30,32,24
1024,846,58,76,74,58,47,44,38,49,69,51,67,49,39,49,36,23,9,10
29,1730,137,131,153,147,130,111,97,86,101,126,106,93,84,74,63,40,29,21
1044,300,18,46,38,21,18,10,16,12,31,33,16,14,12,9,..,..,0,0
1252,349,14,17,25,24,33,17,19,22,11,15,22,21,30,34,32,7,5,..
63,686,39,41,45,57,57,59,37,33,31,44,42,39,68,34,17,16,10,18
889,302,29,35,29,19,15,11,14,23,16,21,6,9,11,19,16,15,7,7
267,1938,109,133,158,168,131,71,63,81,105,143,118,114,118,104,114,62,57,88
88,85,10,9,10,0,..,..,5,4,7,6,..,..,5,..,6,6,0,4
1264,1743,137,145,120,75,101,87,107,108,111,88,83,86,141,145,107,48,34,19
1207,717,33,82,114,95,40,22,11,37,71,88,41,18,20,15,14,8,6,..
1080,1235,103,104,95,118,121,128,77,70,56,66,95,87,58,27,13,11,4,..
65,1952,188,149,183,129,139,119,114,115,116,89,118,131,140,91,51,23,29,28
1140,1972,131,162,206,444,140,77,91,99,143,138,105,66,63,41,40,16,9,..
208,1212,89,85,87,57,75,58,62,66,57,81,69,64,67,62,72,41,54,67
1196,267,75,72,40,..,..,6,31,34,4,..,0,0,0,..,0,0,0,0
43,1615,98,74,97,95,105,233,146,100,64,86,85,90,105,91,66,31,34,15
48,1033,92,76,56,68,72,91,68,54,40,67,57,55,84,58,40,31,13,12
3608,1260,146,149,98,81,133,89,94,75,45,37,53,67,49,70,43,11,10,8
58,141,14,6,6,6,5,13,12,10,8,7,8,6,11,10,11,..,4,..
309,1181,98,95,89,105,131,86,83,69,68,73,72,72,62,45,19,8,4,..
1057,56,4,0,..,..,..,7,5,..,5,..,..,6,6,8,..,0,0,0
1259,323,33,24,16,19,25,27,30,28,7,18,22,22,32,8,10,0,0,..
3790,864,114,153,104,38,38,39,58,93,44,31,39,30,27,18,21,7,9,..
1419,498,45,47,29,21,45,64,79,51,24,14,17,19,21,17,..,..,..,..
1143,420,49,78,50,27,10,..,18,54,56,39,11,4,7,6,5,..,..,0
1176,447,50,55,43,41,27,18,28,27,34,34,24,22,13,12,9,6,..,..
1149,817,39,56,58,80,66,89,55,36,34,36,54,98,69,30,8,5,..,..
367,803,80,65,60,66,41,53,45,57,75,40,43,48,33,34,29,21,9,..
880,1630,140,145,151,108,132,110,83,99,100,109,89,127,103,60,38,23,9,4
591,1012,40,59,79,93,99,56,37,27,40,67,105,87,46,36,37,35,32,38
1104,355,26,30,25,21,19,44,18,32,16,12,19,27,26,18,7,8,..,..
1105,1234,127,103,99,81,92,117,100,74,53,68,56,69,80,54,20,14,11,15
1313,1162,107,99,96,75,70,95,87,72,68,52,85,54,61,50,48,18,17,8
1136,444,31,28,17,32,41,45,36,50,35,18,22,29,29,13,10,6,4,..
1102,268,10,22,27,24,11,8,9,16,18,23,17,9,15,15,17,8,13,6
206,1730,118,134,157,222,109,78,75,80,105,116,111,103,79,80,74,35,31,24
224,505,47,34,38,26,20,23,42,40,42,31,29,26,24,36,25,11,7,5
1114,1082,59,67,105,90,133,88,55,42,68,64,89,108,51,37,12,7,..,5
1083,955,73,87,165,242,67,42,31,47,39,55,23,25,21,15,6,9,4,..
1275,468,38,62,62,42,31,13,10,26,50,49,40,22,6,5,9,..,0,0
1220,263,41,17,10,16,20,22,31,22,9,12,7,20,16,15,6,..,0,0
3793,1923,287,240,270,169,196,118,114,98,77,109,138,51,27,12,7,6,0,..
3786,237,46,44,30,36,4,14,25,20,16,..,0,0,0,0,0,0,0,0
1311,298,24,17,19,24,25,19,14,17,23,22,17,19,19,15,11,..,6,4
3759,462,74,93,59,14,25,18,57,38,12,13,14,17,14,7,..,..,..,0
1336,706,51,108,107,61,40,21,14,40,82,78,35,28,10,18,7,..,..,..
3762,1269,209,193,181,131,155,80,75,68,46,30,29,31,17,11,7,6,0,0
3579,1920,340,290,203,190,257,146,122,98,68,23,24,35,41,43,29,10,0,..
1365,546,93,126,90,24,7,5,25,61,78,25,7,..,..,0,0,0,0,..
3754,932,221,177,113,48,81,68,88,64,24,5,11,10,9,5,..,..,..,..
1188,965,107,157,135,89,62,25,43,69,88,77,45,28,14,13,5,..,..,..
3722,577,62,74,67,48,48,21,25,51,51,39,43,19,11,8,6,..,..,0
1152,568,57,79,51,34,20,36,51,70,41,27,37,10,25,13,12,..,0,..
1256,587,36,52,32,82,39,43,39,26,36,30,30,31,44,56,9,..,0,..
21,1033,65,158,150,115,55,20,29,62,117,120,60,31,20,12,7,6,4,..
1376,1525,247,229,127,83,83,74,140,135,87,52,39,61,85,64,15,4,0,..
3575,1437,188,202,184,121,93,84,84,91,98,72,52,42,45,45,22,9,..,..
1368,1211,205,254,241,43,41,43,83,130,47,27,34,28,14,8,4,4,4,..
4015,1085,101,98,93,74,60,63,46,70,65,69,68,59,65,58,58,20,14,5
1191,1072,119,154,179,127,95,44,49,36,77,76,55,24,13,10,7,..,..,..
3744,1166,238,263,199,61,26,51,95,94,107,22,4,..,..,..,..,0,0,0
3654,1895,197,199,169,140,133,84,104,133,163,148,119,74,68,69,44,20,20,9
3794,1568,290,214,175,107,150,143,115,89,70,47,38,43,37,29,11,5,..,..
3644,1067,94,61,49,65,137,87,86,64,31,50,79,62,76,51,44,11,10,9
1344,1230,122,226,196,109,44,18,43,118,130,127,46,18,14,4,8,..,4,0
1288,1964,159,161,175,113,135,120,124,112,125,112,81,115,195,162,53,11,6,6
1204,1092,61,84,97,93,113,72,44,58,64,76,97,78,81,54,15,4,..,..
1206,291,10,19,38,28,15,13,10,13,22,22,16,31,25,17,10,..,..,..
1371,867,161,164,113,29,13,38,52,93,72,27,7,..,21,39,22,9,..,..
3747,1448,215,190,174,143,129,112,115,76,52,53,49,58,50,21,..,..,4,4
1208,588,34,31,61,71,56,35,26,30,22,44,50,50,40,26,9,..,..,..
3603,1635,153,206,199,134,104,91,82,109,125,120,74,53,89,44,30,10,6,5
1203,542,58,83,61,32,16,14,19,44,60,49,22,16,22,26,10,5,..,4
3764,667,114,121,96,68,41,50,41,47,24,18,13,19,15,..,0,0,0,0
4026,810,52,59,70,85,71,59,32,35,39,72,85,49,50,31,16,4,0,0
3643,1410,188,251,203,82,84,63,104,111,90,74,47,57,36,6,9,..,..,0
1272,536,41,52,60,61,53,15,17,30,37,42,46,35,22,12,10,..,..,..
3646,296,41,43,45,52,30,11,9,18,20,15,13,0,0,0,0,0,0,0
3717,224,14,20,17,16,18,12,14,7,16,13,17,15,23,8,7,4,..,..
1209,333,41,29,30,17,15,24,21,26,26,17,14,18,22,25,4,0,..,..
1181,1186,76,116,118,98,115,58,30,81,86,84,97,76,48,38,31,9,19,8
3743,872,146,144,117,34,49,44,69,78,53,34,26,24,29,13,7,..,..,..
1226,1093,54,90,113,105,86,47,28,47,86,80,74,49,64,90,45,24,8,5
3749,1726,412,357,240,81,159,142,121,68,64,29,19,12,12,..,4,..,0,..
1338,181,31,17,13,11,7,13,20,11,8,7,11,12,7,8,..,..,0,0
1183,748,69,100,87,56,32,24,45,64,58,54,54,35,27,21,13,7,0,0
1201,1402,101,149,179,147,116,61,71,67,85,86,97,82,83,52,16,5,..,..
1297,750,62,60,98,68,56,54,36,36,57,43,56,52,35,21,8,4,..,0
3572,1312,266,248,173,76,64,91,99,120,42,34,17,12,23,29,10,4,..,..
1285,528,21,31,30,45,74,54,27,16,9,18,56,69,44,26,..,0,..,..
3766,1001,164,183,162,38,67,50,74,76,47,54,19,34,18,4,..,..,..,..
1374,508,104,97,80,17,21,23,41,41,22,29,17,12,..,..,..,0,0,0
3569,448,82,73,47,15,15,33,45,42,16,17,14,4,15,17,12,..,0,0
1141,255,24,31,23,10,25,23,25,16,10,..,4,6,14,22,15,..,..,0
3751,447,122,55,29,12,23,60,57,10,21,17,8,11,7,7,4,..,0,0
1178,1489,115,178,221,172,160,62,38,66,85,106,98,81,36,24,28,13,..,..
1202,557,59,67,43,34,35,37,31,47,31,30,32,31,45,16,13,..,5,0
1258,347,26,33,25,20,30,23,21,27,18,17,28,31,27,14,..,..,..,..
3752,906,118,86,82,263,71,81,45,22,16,31,19,25,16,13,7,7,..,..
3651,1529,201,235,246,110,107,88,81,99,82,82,76,46,25,23,15,7,..,..
3653,663,168,130,70,32,46,57,68,34,13,8,10,11,8,5,..,..,..,0
3637,996,138,139,106,65,53,41,72,88,60,56,28,34,29,34,28,12,6,6
1222,1070,102,131,114,78,88,53,42,74,101,70,52,68,53,31,11,..,..,..
1370,626,88,148,121,59,12,4,35,53,81,20,4,0,0,..,0,0,0,0
1190,1029,134,148,136,72,67,58,52,80,48,41,58,42,40,39,5,..,..,4
1340,501,98,114,94,21,14,15,28,45,32,20,15,4,..,0,..,0,0,0
3785,310,79,70,29,32,17,26,28,17,5,5,..,0,0,0,0,0,0,0
1184,191,11,12,17,12,20,19,14,10,9,11,9,13,18,9,5,..,0,0
3724,352,70,72,65,21,8,28,22,24,24,14,..,..,0,0,0,0,0,0
1314,950,71,99,133,116,65,38,31,44,78,83,89,36,24,22,13,..,..,..
3573,1485,155,154,148,304,130,84,77,86,50,46,49,43,39,58,36,15,7,..
257,588,81,53,36,29,46,48,46,37,37,25,30,36,34,20,11,9,9,..
833,193,29,30,20,13,9,..,12,18,28,13,5,..,..,..,7,..,0,0
3767,725,141,145,106,45,44,48,56,50,20,8,19,12,10,10,5,..,..,0
1369,613,99,144,129,26,22,17,39,61,41,18,10,7,0,0,0,0,0,0
1254,449,60,42,18,13,19,43,55,49,24,16,6,20,31,39,6,..,..,..
3655,1786,176,249,183,169,123,65,79,137,152,144,87,93,65,31,20,9,..,..
1236,926,46,38,56,90,89,62,51,38,35,53,79,66,107,85,25,5,..,..
3756,1339,204,192,150,215,100,82,119,84,35,29,35,41,41,7,..,..,0,..
3777,519,85,107,105,21,17,14,39,40,52,33,6,0,0,0,0,0,0,0
1199,1910,113,169,155,168,173,126,72,86,142,124,130,165,88,81,70,33,8,7
328,75,4,5,7,11,7,4,..,..,..,6,8,4,6,4,0,..,0,0
3658,900,130,142,146,156,39,36,43,78,34,23,18,29,22,4,..,0,0,0
74,643,39,61,55,39,31,29,33,51,40,50,49,41,32,27,17,24,19,6
3715,1420,152,155,139,117,111,97,97,92,107,80,67,81,38,40,20,13,8,7
1212,132,8,4,4,..,5,10,10,5,7,..,4,12,22,21,12,..,0,0
3824,209,40,52,46,9,4,..,16,19,9,12,..,0,0,0,0,0,0,0
3712,891,166,167,95,35,47,61,92,58,28,23,15,20,35,26,14,7,..,..
917,1121,58,96,118,105,119,62,36,44,77,91,71,98,55,42,32,7,6,5
3748,1044,115,108,118,158,238,61,51,60,30,19,36,18,17,8,..,..,..,0
3723,635,86,94,71,191,37,20,28,28,14,21,21,10,7,..,..,0,0,..
3659,1881,339,320,273,83,125,132,133,117,86,69,38,47,53,21,22,9,5,8
1180,331,18,17,31,20,26,14,24,11,16,27,23,27,45,21,..,4,0,..
1262,344,16,58,61,24,10,7,16,14,40,47,16,16,11,..,4,..,0,0
1221,901,60,59,73,80,98,67,39,55,39,57,73,62,63,57,13,..,..,..
3781,1599,149,157,180,189,140,110,95,85,104,118,111,65,53,25,13,..,..,..
1179,927,63,104,105,72,75,51,20,54,70,65,63,78,42,39,23,..,..,0
4024,319,30,41,28,29,19,15,12,21,31,28,21,13,7,10,10,..,..,0
3746,958,165,165,151,67,42,60,70,84,51,38,20,13,12,13,..,..,..,..
3782,228,32,55,46,13,..,..,16,20,18,15,8,0,0,0,0,0,0,0
3822,802,187,198,106,24,14,46,106,67,33,14,4,..,..,..,0,0,0,0
3565,700,83,60,68,47,68,60,46,39,40,41,47,31,25,18,16,5,4,..
1228,1057,64,99,114,100,111,67,37,55,81,73,70,86,45,44,8,..,0,..
3571,977,165,149,120,52,90,59,76,58,40,33,14,14,36,34,26,9,..,0
1266,164,10,5,12,20,16,10,17,8,9,10,20,11,10,..,..,0,..,0
1160,814,58,70,91,68,81,46,29,42,53,57,71,53,49,25,16,..,4,..
1364,365,114,97,28,0,..,32,62,24,..,..,0,0,0,0,0,0,0,0
3784,741,165,119,61,27,53,68,83,49,20,27,25,15,18,7,..,..,..,..
1287,544,47,63,60,39,27,24,33,44,47,33,26,27,24,21,16,10,..,..
3649,962,130,141,91,49,63,36,77,83,68,55,34,30,37,36,20,6,..,..
1283,575,92,69,42,22,36,60,59,44,15,14,25,30,44,15,5,..,0,0
1244,1292,107,81,79,61,102,70,69,69,65,61,68,74,107,146,87,30,5,12
493,97,10,9,15,14,10,5,5,6,4,9,..,0,0,..,..,..,..,0
1342,1904,338,268,231,238,191,166,125,94,85,68,25,35,19,16,5,0,..,0
2024,1117,111,115,108,127,107,85,83,70,59,54,56,50,40,30,6,11,..,..
1339,196,17,25,29,23,11,10,9,6,6,14,15,16,11,0,..,..,..,0
1316,191,24,8,19,22,21,15,18,9,10,12,9,10,4,4,..,..,..,..
475,703,60,51,57,85,68,56,34,40,52,55,39,27,30,16,11,13,5,..
1317,515,60,56,55,48,37,41,34,27,32,28,32,22,14,8,6,7,5,0
1349,1244,159,145,160,164,140,107,76,71,54,62,33,25,19,15,4,7,0,..
1321,710,73,85,72,75,60,44,40,55,48,49,35,27,18,7,5,10,6,..
1332,773,97,71,67,81,78,76,52,54,45,49,32,18,22,14,9,6,..,..
993,1503,159,110,110,154,163,159,103,75,88,96,87,73,48,31,23,12,8,..
497,1865,220,187,168,193,190,176,141,108,110,94,80,68,47,35,24,14,7,..
547,1601,160,170,174,184,134,117,106,106,113,91,71,49,45,36,22,14,7,..
1367,429,67,54,41,29,42,45,38,24,14,16,16,11,19,8,..,..,..,0
1331,1534,136,159,151,155,152,151,96,101,102,87,67,58,37,28,18,17,13,4
1343,839,126,111,95,91,82,77,54,52,35,34,22,18,23,4,9,..,..,..
994,1389,188,155,124,118,139,147,109,54,80,68,60,66,37,17,5,12,7,..
523,1876,159,156,171,199,206,150,118,109,113,123,99,86,59,58,21,20,18,10
942,182,15,12,20,23,26,12,5,5,10,11,7,10,4,7,..,7,..,..
1360,1867,346,250,227,220,199,128,104,87,99,83,41,38,22,8,7,6,..,0
546,886,60,78,78,94,77,70,55,58,71,53,55,45,30,26,9,10,11,7
1320,305,36,23,27,35,34,26,30,14,12,20,17,9,9,5,..,..,..,..
514,1250,122,138,173,148,106,93,81,70,67,58,59,37,29,27,18,19,4,..
1246,1682,165,188,148,142,111,133,133,129,117,91,89,62,50,33,34,23,23,10
1335,815,78,77,84,123,111,81,60,55,40,36,27,20,9,5,..,5,..,0
636,1644,160,148,158,167,133,141,119,82,89,86,98,78,71,43,27,17,14,11
1334,393,49,42,22,42,37,49,35,24,18,16,23,12,14,6,..,5,0,0
990,643,71,69,84,81,69,54,31,33,38,30,29,23,14,9,5,4,0,0
539,1212,140,132,114,161,141,115,85,65,68,48,50,40,21,18,5,5,..,..
540,1195,103,105,80,86,92,109,75,88,86,74,56,70,58,38,35,22,12,8
1346,1139,167,158,161,124,132,80,67,67,59,41,21,15,14,13,9,7,..,..
